{
  "__type__": "cc.SpriteFrame",
  "content": {
    "name": "Frame 427322283",
    "atlas": "",
    "rect": {
      "x": 0,
      "y": 6,
      "width": 98,
      "height": 147
    },
    "offset": {
      "x": -0.5,
      "y": -0.5
    },
    "originalSize": {
      "width": 99,
      "height": 158
    },
    "rotated": false,
    "capInsets": [
      0,
      0,
      0,
      0
    ],
    "vertices": {
      "rawPosition": [
        -49,
        -73.5,
        0,
        49,
        -73.5,
        0,
        -49,
        73.5,
        0,
        49,
        73.5,
        0
      ],
      "indexes": [
        0,
        1,
        2,
        2,
        1,
        3
      ],
      "uv": [
        0,
        152,
        98,
        152,
        0,
        5,
        98,
        5
      ],
      "nuv": [
        0,
        0.03164556962025317,
        0.98989898989899,
        0.03164556962025317,
        0,
        0.9620253164556962,
        0.98989898989899,
        0.9620253164556962
      ],
      "minPos": {
        "x": -49,
        "y": -73.5,
        "z": 0
      },
      "maxPos": {
        "x": 49,
        "y": 73.5,
        "z": 0
      }
    },
    "texture": "cf25470f-8be1-4319-9523-197932d789ca@6c48a",
    "packable": true,
    "pixelsToUnit": 100,
    "pivot": {
      "x": 0.5,
      "y": 0.5
    },
    "meshType": 0
  }
}