{
  "__type__": "cc.SpriteFrame",
  "content": {
    "name": "Explo01",
    "atlas": "",
    "rect": {
      "x": 161,
      "y": 164,
      "width": 198,
      "height": 191
    },
    "offset": {
      "x": 0,
      "y": 0.5
    },
    "originalSize": {
      "width": 520,
      "height": 520
    },
    "rotated": false,
    "capInsets": [
      0,
      0,
      0,
      0
    ],
    "vertices": {
      "rawPosition": [
        -99,
        -95.5,
        0,
        99,
        -95.5,
        0,
        -99,
        95.5,
        0,
        99,
        95.5,
        0
      ],
      "indexes": [
        0,
        1,
        2,
        2,
        1,
        3
      ],
      "uv": [
        161,
        356,
        359,
        356,
        161,
        165,
        359,
        165
      ],
      "nuv": [
        0.3096153846153846,
        0.3173076923076923,
        0.6903846153846154,
        0.3173076923076923,
        0.3096153846153846,
        0.6846153846153846,
        0.6903846153846154,
        0.6846153846153846
      ],
      "minPos": {
        "x": -99,
        "y": -95.5,
        "z": 0
      },
      "maxPos": {
        "x": 99,
        "y": 95.5,
        "z": 0
      }
    },
    "texture": "3526e4f3-74e3-4dd1-aac2-070dfd586de3@6c48a",
    "packable": true,
    "pixelsToUnit": 100,
    "pivot": {
      "x": 0.5,
      "y": 0.5
    },
    "meshType": 0
  }
}