{
  "__type__": "cc.SpriteFrame",
  "content": {
    "name": "frameAvatar",
    "atlas": "",
    "rect": {
      "x": 4,
      "y": 3,
      "width": 533,
      "height": 534
    },
    "offset": {
      "x": 0.5,
      "y": 0
    },
    "originalSize": {
      "width": 540,
      "height": 540
    },
    "rotated": false,
    "capInsets": [
      0,
      0,
      0,
      0
    ],
    "vertices": {
      "rawPosition": [
        -266.5,
        -267,
        0,
        266.5,
        -267,
        0,
        -266.5,
        267,
        0,
        266.5,
        267,
        0
      ],
      "indexes": [
        0,
        1,
        2,
        2,
        1,
        3
      ],
      "uv": [
        4,
        537,
        537,
        537,
        4,
        3,
        537,
        3
      ],
      "nuv": [
        0.007407407407407408,
        0.005555555555555556,
        0.9944444444444445,
        0.005555555555555556,
        0.007407407407407408,
        0.9944444444444445,
        0.9944444444444445,
        0.9944444444444445
      ],
      "minPos": {
        "x": -266.5,
        "y": -267,
        "z": 0
      },
      "maxPos": {
        "x": 266.5,
        "y": 267,
        "z": 0
      }
    },
    "texture": "aea390dd-8851-451c-b375-3a7a7fd67901@6c48a",
    "packable": true,
    "pixelsToUnit": 100,
    "pivot": {
      "x": 0.5,
      "y": 0.5
    },
    "meshType": 0
  }
}