{
  "__type__": "cc.SpriteFrame",
  "content": {
    "name": "T_Slash_13",
    "atlas": "",
    "rect": {
      "x": 82,
      "y": 182,
      "width": 410,
      "height": 338
    },
    "offset": {
      "x": -23,
      "y": -41
    },
    "originalSize": {
      "width": 620,
      "height": 620
    },
    "rotated": false,
    "capInsets": [
      0,
      0,
      0,
      0
    ],
    "vertices": {
      "rawPosition": [
        -205,
        -169,
        0,
        205,
        -169,
        0,
        -205,
        169,
        0,
        205,
        169,
        0
      ],
      "indexes": [
        0,
        1,
        2,
        2,
        1,
        3
      ],
      "uv": [
        82,
        438,
        492,
        438,
        82,
        100,
        492,
        100
      ],
      "nuv": [
        0.13225806451612904,
        0.16129032258064516,
        0.7935483870967742,
        0.16129032258064516,
        0.13225806451612904,
        0.7064516129032258,
        0.7935483870967742,
        0.7064516129032258
      ],
      "minPos": {
        "x": -205,
        "y": -169,
        "z": 0
      },
      "maxPos": {
        "x": 205,
        "y": 169,
        "z": 0
      }
    },
    "texture": "beac8f13-de4c-4af5-acb4-4b87d6544de7@6c48a",
    "packable": true,
    "pixelsToUnit": 100,
    "pivot": {
      "x": 0.5,
      "y": 0.5
    },
    "meshType": 0
  }
}