{
  "__type__": "cc.SpriteFrame",
  "content": {
    "name": "Elixir_Loading32",
    "atlas": "",
    "rect": {
      "x": 203,
      "y": 180,
      "width": 108,
      "height": 132
    },
    "offset": {
      "x": 1,
      "y": 10
    },
    "originalSize": {
      "width": 512,
      "height": 512
    },
    "rotated": false,
    "capInsets": [
      0,
      0,
      0,
      0
    ],
    "vertices": {
      "rawPosition": [
        -54,
        -66,
        0,
        54,
        -66,
        0,
        -54,
        66,
        0,
        54,
        66,
        0
      ],
      "indexes": [
        0,
        1,
        2,
        2,
        1,
        3
      ],
      "uv": [
        203,
        332,
        311,
        332,
        203,
        200,
        311,
        200
      ],
      "nuv": [
        0.396484375,
        0.390625,
        0.607421875,
        0.390625,
        0.396484375,
        0.6484375,
        0.607421875,
        0.6484375
      ],
      "minPos": {
        "x": -54,
        "y": -66,
        "z": 0
      },
      "maxPos": {
        "x": 54,
        "y": 66,
        "z": 0
      }
    },
    "texture": "30f677d5-a40d-46d4-82b0-9620f66f392c@6c48a",
    "packable": true,
    "pixelsToUnit": 100,
    "pivot": {
      "x": 0.5,
      "y": 0.5
    },
    "meshType": 0
  }
}