{
  "__type__": "cc.SpriteFrame",
  "content": {
    "name": "Frame 427322255",
    "atlas": "",
    "rect": {
      "x": 0,
      "y": 5,
      "width": 98,
      "height": 146
    },
    "offset": {
      "x": -0.5,
      "y": 1
    },
    "originalSize": {
      "width": 99,
      "height": 158
    },
    "rotated": false,
    "capInsets": [
      0,
      0,
      0,
      0
    ],
    "vertices": {
      "rawPosition": [
        -49,
        -73,
        0,
        49,
        -73,
        0,
        -49,
        73,
        0,
        49,
        73,
        0
      ],
      "indexes": [
        0,
        1,
        2,
        2,
        1,
        3
      ],
      "uv": [
        0,
        153,
        98,
        153,
        0,
        7,
        98,
        7
      ],
      "nuv": [
        0,
        0.04430379746835443,
        0.98989898989899,
        0.04430379746835443,
        0,
        0.9683544303797469,
        0.98989898989899,
        0.9683544303797469
      ],
      "minPos": {
        "x": -49,
        "y": -73,
        "z": 0
      },
      "maxPos": {
        "x": 49,
        "y": 73,
        "z": 0
      }
    },
    "texture": "57004e07-4670-4804-8928-7f0df1a05a65@6c48a",
    "packable": true,
    "pixelsToUnit": 100,
    "pivot": {
      "x": 0.5,
      "y": 0.5
    },
    "meshType": 0
  }
}