{
  "__type__": "cc.SpriteFrame",
  "content": {
    "name": "Dr_B_24",
    "atlas": "",
    "rect": {
      "x": 59,
      "y": 89,
      "width": 375,
      "height": 353
    },
    "offset": {
      "x": -13.5,
      "y": -5.5
    },
    "originalSize": {
      "width": 520,
      "height": 520
    },
    "rotated": false,
    "capInsets": [
      0,
      0,
      0,
      0
    ],
    "vertices": {
      "rawPosition": [
        -187.5,
        -176.5,
        0,
        187.5,
        -176.5,
        0,
        -187.5,
        176.5,
        0,
        187.5,
        176.5,
        0
      ],
      "indexes": [
        0,
        1,
        2,
        2,
        1,
        3
      ],
      "uv": [
        59,
        431,
        434,
        431,
        59,
        78,
        434,
        78
      ],
      "nuv": [
        0.11346153846153846,
        0.15,
        0.8346153846153846,
        0.15,
        0.11346153846153846,
        0.8288461538461539,
        0.8346153846153846,
        0.8288461538461539
      ],
      "minPos": {
        "x": -187.5,
        "y": -176.5,
        "z": 0
      },
      "maxPos": {
        "x": 187.5,
        "y": 176.5,
        "z": 0
      }
    },
    "texture": "f4884592-3df4-4e26-b823-b699227c7b49@6c48a",
    "packable": true,
    "pixelsToUnit": 100,
    "pivot": {
      "x": 0.5,
      "y": 0.5
    },
    "meshType": 0
  }
}