{
  "__type__": "cc.SpriteFrame",
  "content": {
    "name": "ResTile",
    "atlas": "",
    "rect": {
      "x": 1,
      "y": 5,
      "width": 192,
      "height": 40
    },
    "offset": {
      "x": 0,
      "y": 0
    },
    "originalSize": {
      "width": 194,
      "height": 50
    },
    "rotated": false,
    "capInsets": [
      0,
      0,
      0,
      0
    ],
    "vertices": {
      "rawPosition": [
        -96,
        -20,
        0,
        96,
        -20,
        0,
        -96,
        20,
        0,
        96,
        20,
        0
      ],
      "indexes": [
        0,
        1,
        2,
        2,
        1,
        3
      ],
      "uv": [
        1,
        45,
        193,
        45,
        1,
        5,
        193,
        5
      ],
      "nuv": [
        0.005154639175257732,
        0.1,
        0.9948453608247423,
        0.1,
        0.005154639175257732,
        0.9,
        0.9948453608247423,
        0.9
      ],
      "minPos": {
        "x": -96,
        "y": -20,
        "z": 0
      },
      "maxPos": {
        "x": 96,
        "y": 20,
        "z": 0
      }
    },
    "texture": "a091de0a-0335-424c-9140-723b1229968c@6c48a",
    "packable": true,
    "pixelsToUnit": 100,
    "pivot": {
      "x": 0.5,
      "y": 0.5
    },
    "meshType": 0
  }
}