{
  "__type__": "cc.SpriteFrame",
  "content": {
    "name": "tigerWin",
    "atlas": "",
    "rect": {
      "x": 2,
      "y": 2,
      "width": 2006,
      "height": 1276
    },
    "offset": {
      "x": 0,
      "y": 0
    },
    "originalSize": {
      "width": 2010,
      "height": 1280
    },
    "rotated": false,
    "capInsets": [
      0,
      0,
      0,
      0
    ],
    "vertices": {
      "rawPosition": [
        -1003,
        -638,
        0,
        1003,
        -638,
        0,
        -1003,
        638,
        0,
        1003,
        638,
        0
      ],
      "indexes": [
        0,
        1,
        2,
        2,
        1,
        3
      ],
      "uv": [
        2,
        1278,
        2008,
        1278,
        2,
        2,
        2008,
        2
      ],
      "nuv": [
        0.0009950248756218905,
        0.0015625,
        0.9990049751243781,
        0.0015625,
        0.0009950248756218905,
        0.9984375,
        0.9990049751243781,
        0.9984375
      ],
      "minPos": {
        "x": -1003,
        "y": -638,
        "z": 0
      },
      "maxPos": {
        "x": 1003,
        "y": 638,
        "z": 0
      }
    },
    "texture": "a0eb16f9-cc73-467e-b175-afe46c6ceb08@6c48a",
    "packable": true,
    "pixelsToUnit": 100,
    "pivot": {
      "x": 0.5,
      "y": 0.5
    },
    "meshType": 0
  }
}