{
  "__type__": "cc.SpriteFrame",
  "content": {
    "name": "Frame 427322269",
    "atlas": "",
    "rect": {
      "x": 4,
      "y": 9,
      "width": 94,
      "height": 140
    },
    "offset": {
      "x": 1.5,
      "y": 0
    },
    "originalSize": {
      "width": 99,
      "height": 158
    },
    "rotated": false,
    "capInsets": [
      0,
      0,
      0,
      0
    ],
    "vertices": {
      "rawPosition": [
        -47,
        -70,
        0,
        47,
        -70,
        0,
        -47,
        70,
        0,
        47,
        70,
        0
      ],
      "indexes": [
        0,
        1,
        2,
        2,
        1,
        3
      ],
      "uv": [
        4,
        149,
        98,
        149,
        4,
        9,
        98,
        9
      ],
      "nuv": [
        0.04040404040404041,
        0.056962025316455694,
        0.98989898989899,
        0.056962025316455694,
        0.04040404040404041,
        0.9430379746835443,
        0.98989898989899,
        0.9430379746835443
      ],
      "minPos": {
        "x": -47,
        "y": -70,
        "z": 0
      },
      "maxPos": {
        "x": 47,
        "y": 70,
        "z": 0
      }
    },
    "texture": "e15439eb-0f02-47c1-8988-0fc4abd71eab@6c48a",
    "packable": true,
    "pixelsToUnit": 100,
    "pivot": {
      "x": 0.5,
      "y": 0.5
    },
    "meshType": 0
  }
}