{
  "__type__": "cc.SpriteFrame",
  "content": {
    "name": "Dr_B_19",
    "atlas": "",
    "rect": {
      "x": 53,
      "y": 50,
      "width": 391,
      "height": 355
    },
    "offset": {
      "x": -11.5,
      "y": 32.5
    },
    "originalSize": {
      "width": 520,
      "height": 520
    },
    "rotated": false,
    "capInsets": [
      0,
      0,
      0,
      0
    ],
    "vertices": {
      "rawPosition": [
        -195.5,
        -177.5,
        0,
        195.5,
        -177.5,
        0,
        -195.5,
        177.5,
        0,
        195.5,
        177.5,
        0
      ],
      "indexes": [
        0,
        1,
        2,
        2,
        1,
        3
      ],
      "uv": [
        53,
        470,
        444,
        470,
        53,
        115,
        444,
        115
      ],
      "nuv": [
        0.10192307692307692,
        0.22115384615384615,
        0.8538461538461538,
        0.22115384615384615,
        0.10192307692307692,
        0.9038461538461539,
        0.8538461538461538,
        0.9038461538461539
      ],
      "minPos": {
        "x": -195.5,
        "y": -177.5,
        "z": 0
      },
      "maxPos": {
        "x": 195.5,
        "y": 177.5,
        "z": 0
      }
    },
    "texture": "b8c2388e-f2d1-43b7-9b3c-1f51c7ea4848@6c48a",
    "packable": true,
    "pixelsToUnit": 100,
    "pivot": {
      "x": 0.5,
      "y": 0.5
    },
    "meshType": 0
  }
}