{
  "__type__": "cc.SpriteFrame",
  "content": {
    "name": "Dr_B_29",
    "atlas": "",
    "rect": {
      "x": 76,
      "y": 75,
      "width": 368,
      "height": 376
    },
    "offset": {
      "x": 0,
      "y": -3
    },
    "originalSize": {
      "width": 520,
      "height": 520
    },
    "rotated": false,
    "capInsets": [
      0,
      0,
      0,
      0
    ],
    "vertices": {
      "rawPosition": [
        -184,
        -188,
        0,
        184,
        -188,
        0,
        -184,
        188,
        0,
        184,
        188,
        0
      ],
      "indexes": [
        0,
        1,
        2,
        2,
        1,
        3
      ],
      "uv": [
        76,
        445,
        444,
        445,
        76,
        69,
        444,
        69
      ],
      "nuv": [
        0.14615384615384616,
        0.1326923076923077,
        0.8538461538461538,
        0.1326923076923077,
        0.14615384615384616,
        0.8557692307692307,
        0.8538461538461538,
        0.8557692307692307
      ],
      "minPos": {
        "x": -184,
        "y": -188,
        "z": 0
      },
      "maxPos": {
        "x": 184,
        "y": 188,
        "z": 0
      }
    },
    "texture": "b8c21ee1-c5a5-4f50-ab32-f2a7eb5c51c0@6c48a",
    "packable": true,
    "pixelsToUnit": 100,
    "pivot": {
      "x": 0.5,
      "y": 0.5
    },
    "meshType": 0
  }
}