{
  "__type__": "cc.SpriteFrame",
  "content": {
    "name": "fight01",
    "atlas": "",
    "rect": {
      "x": 82,
      "y": 169,
      "width": 535,
      "height": 182
    },
    "offset": {
      "x": -0.5,
      "y": 0
    },
    "originalSize": {
      "width": 700,
      "height": 520
    },
    "rotated": false,
    "capInsets": [
      0,
      0,
      0,
      0
    ],
    "vertices": {
      "rawPosition": [
        -267.5,
        -91,
        0,
        267.5,
        -91,
        0,
        -267.5,
        91,
        0,
        267.5,
        91,
        0
      ],
      "indexes": [
        0,
        1,
        2,
        2,
        1,
        3
      ],
      "uv": [
        82,
        351,
        617,
        351,
        82,
        169,
        617,
        169
      ],
      "nuv": [
        0.11714285714285715,
        0.325,
        0.8814285714285715,
        0.325,
        0.11714285714285715,
        0.675,
        0.8814285714285715,
        0.675
      ],
      "minPos": {
        "x": -267.5,
        "y": -91,
        "z": 0
      },
      "maxPos": {
        "x": 267.5,
        "y": 91,
        "z": 0
      }
    },
    "texture": "0f06f11f-5438-4dda-bf75-4bab4537ad5f@6c48a",
    "packable": true,
    "pixelsToUnit": 100,
    "pivot": {
      "x": 0.5,
      "y": 0.5
    },
    "meshType": 0
  }
}