{
  "__type__": "cc.SpriteFrame",
  "content": {
    "name": "TH10",
    "atlas": "",
    "rect": {
      "x": 144,
      "y": 124,
      "width": 295,
      "height": 312
    },
    "offset": {
      "x": 31.5,
      "y": -20
    },
    "originalSize": {
      "width": 520,
      "height": 520
    },
    "rotated": false,
    "capInsets": [
      0,
      0,
      0,
      0
    ],
    "vertices": {
      "rawPosition": [
        -147.5,
        -156,
        0,
        147.5,
        -156,
        0,
        -147.5,
        156,
        0,
        147.5,
        156,
        0
      ],
      "indexes": [
        0,
        1,
        2,
        2,
        1,
        3
      ],
      "uv": [
        144,
        396,
        439,
        396,
        144,
        84,
        439,
        84
      ],
      "nuv": [
        0.27692307692307694,
        0.16153846153846155,
        0.8442307692307692,
        0.16153846153846155,
        0.27692307692307694,
        0.7615384615384615,
        0.8442307692307692,
        0.7615384615384615
      ],
      "minPos": {
        "x": -147.5,
        "y": -156,
        "z": 0
      },
      "maxPos": {
        "x": 147.5,
        "y": 156,
        "z": 0
      }
    },
    "texture": "a7614efe-df43-44ba-a48c-00f42238d642@6c48a",
    "packable": true,
    "pixelsToUnit": 100,
    "pivot": {
      "x": 0.5,
      "y": 0.5
    },
    "meshType": 0
  }
}