{
  "__type__": "cc.SpriteFrame",
  "content": {
    "name": "T_dig_10",
    "atlas": "",
    "rect": {
      "x": 76,
      "y": 0,
      "width": 456,
      "height": 290
    },
    "offset": {
      "x": -16.5,
      "y": 113.5
    },
    "originalSize": {
      "width": 641,
      "height": 517
    },
    "rotated": false,
    "capInsets": [
      0,
      0,
      0,
      0
    ],
    "vertices": {
      "rawPosition": [
        -228,
        -145,
        0,
        228,
        -145,
        0,
        -228,
        145,
        0,
        228,
        145,
        0
      ],
      "indexes": [
        0,
        1,
        2,
        2,
        1,
        3
      ],
      "uv": [
        76,
        517,
        532,
        517,
        76,
        227,
        532,
        227
      ],
      "nuv": [
        0.11856474258970359,
        0.43907156673114117,
        0.8299531981279251,
        0.43907156673114117,
        0.11856474258970359,
        1,
        0.8299531981279251,
        1
      ],
      "minPos": {
        "x": -228,
        "y": -145,
        "z": 0
      },
      "maxPos": {
        "x": 228,
        "y": 145,
        "z": 0
      }
    },
    "texture": "73ad5306-5341-46da-bbe9-dd507945a379@6c48a",
    "packable": true,
    "pixelsToUnit": 100,
    "pivot": {
      "x": 0.5,
      "y": 0.5
    },
    "meshType": 0
  }
}