{
  "__type__": "cc.SpriteFrame",
  "content": {
    "name": "Frame 427322297",
    "atlas": "",
    "rect": {
      "x": 0,
      "y": 8,
      "width": 96,
      "height": 145
    },
    "offset": {
      "x": -1.5,
      "y": -1.5
    },
    "originalSize": {
      "width": 99,
      "height": 158
    },
    "rotated": false,
    "capInsets": [
      0,
      0,
      0,
      0
    ],
    "vertices": {
      "rawPosition": [
        -48,
        -72.5,
        0,
        48,
        -72.5,
        0,
        -48,
        72.5,
        0,
        48,
        72.5,
        0
      ],
      "indexes": [
        0,
        1,
        2,
        2,
        1,
        3
      ],
      "uv": [
        0,
        150,
        96,
        150,
        0,
        5,
        96,
        5
      ],
      "nuv": [
        0,
        0.03164556962025317,
        0.9696969696969697,
        0.03164556962025317,
        0,
        0.9493670886075949,
        0.9696969696969697,
        0.9493670886075949
      ],
      "minPos": {
        "x": -48,
        "y": -72.5,
        "z": 0
      },
      "maxPos": {
        "x": 48,
        "y": 72.5,
        "z": 0
      }
    },
    "texture": "96b0eb9e-ee94-4572-beec-62f8452235d3@6c48a",
    "packable": true,
    "pixelsToUnit": 100,
    "pivot": {
      "x": 0.5,
      "y": 0.5
    },
    "meshType": 0
  }
}