{
  "__type__": "cc.SpriteFrame",
  "content": {
    "name": "Elixir_Loading39",
    "atlas": "",
    "rect": {
      "x": 199,
      "y": 183,
      "width": 114,
      "height": 133
    },
    "offset": {
      "x": 0,
      "y": 6.5
    },
    "originalSize": {
      "width": 512,
      "height": 512
    },
    "rotated": false,
    "capInsets": [
      0,
      0,
      0,
      0
    ],
    "vertices": {
      "rawPosition": [
        -57,
        -66.5,
        0,
        57,
        -66.5,
        0,
        -57,
        66.5,
        0,
        57,
        66.5,
        0
      ],
      "indexes": [
        0,
        1,
        2,
        2,
        1,
        3
      ],
      "uv": [
        199,
        329,
        313,
        329,
        199,
        196,
        313,
        196
      ],
      "nuv": [
        0.388671875,
        0.3828125,
        0.611328125,
        0.3828125,
        0.388671875,
        0.642578125,
        0.611328125,
        0.642578125
      ],
      "minPos": {
        "x": -57,
        "y": -66.5,
        "z": 0
      },
      "maxPos": {
        "x": 57,
        "y": 66.5,
        "z": 0
      }
    },
    "texture": "96fb7f69-4223-49d3-97f8-9f3d541f3ecb@6c48a",
    "packable": true,
    "pixelsToUnit": 100,
    "pivot": {
      "x": 0.5,
      "y": 0.5
    },
    "meshType": 0
  }
}