{
  "__type__": "cc.SpriteFrame",
  "content": {
    "name": "Elixir_Loading21",
    "atlas": "",
    "rect": {
      "x": 224,
      "y": 239,
      "width": 48,
      "height": 38
    },
    "offset": {
      "x": -8,
      "y": -2
    },
    "originalSize": {
      "width": 512,
      "height": 512
    },
    "rotated": false,
    "capInsets": [
      0,
      0,
      0,
      0
    ],
    "vertices": {
      "rawPosition": [
        -24,
        -19,
        0,
        24,
        -19,
        0,
        -24,
        19,
        0,
        24,
        19,
        0
      ],
      "indexes": [
        0,
        1,
        2,
        2,
        1,
        3
      ],
      "uv": [
        224,
        273,
        272,
        273,
        224,
        235,
        272,
        235
      ],
      "nuv": [
        0.4375,
        0.458984375,
        0.53125,
        0.458984375,
        0.4375,
        0.533203125,
        0.53125,
        0.533203125
      ],
      "minPos": {
        "x": -24,
        "y": -19,
        "z": 0
      },
      "maxPos": {
        "x": 24,
        "y": 19,
        "z": 0
      }
    },
    "texture": "5e000699-7b6b-46c4-af15-44e61a41942f@6c48a",
    "packable": true,
    "pixelsToUnit": 100,
    "pivot": {
      "x": 0.5,
      "y": 0.5
    },
    "meshType": 0
  }
}