{
  "__type__": "cc.SpriteFrame",
  "content": {
    "name": "bgReward",
    "atlas": "",
    "rect": {
      "x": 15,
      "y": 26,
      "width": 364,
      "height": 372
    },
    "offset": {
      "x": 0,
      "y": -4
    },
    "originalSize": {
      "width": 394,
      "height": 416
    },
    "rotated": false,
    "capInsets": [
      0,
      0,
      0,
      0
    ],
    "vertices": {
      "rawPosition": [
        -182,
        -186,
        0,
        182,
        -186,
        0,
        -182,
        186,
        0,
        182,
        186,
        0
      ],
      "indexes": [
        0,
        1,
        2,
        2,
        1,
        3
      ],
      "uv": [
        15,
        390,
        379,
        390,
        15,
        18,
        379,
        18
      ],
      "nuv": [
        0.03807106598984772,
        0.04326923076923077,
        0.9619289340101523,
        0.04326923076923077,
        0.03807106598984772,
        0.9375,
        0.9619289340101523,
        0.9375
      ],
      "minPos": {
        "x": -182,
        "y": -186,
        "z": 0
      },
      "maxPos": {
        "x": 182,
        "y": 186,
        "z": 0
      }
    },
    "texture": "5e6a1be4-e2bd-4413-8335-1a346f330d0c@6c48a",
    "packable": true,
    "pixelsToUnit": 100,
    "pivot": {
      "x": 0.5,
      "y": 0.5
    },
    "meshType": 0
  }
}