{
  "__type__": "cc.SpriteFrame",
  "content": {
    "name": "TH16",
    "atlas": "",
    "rect": {
      "x": 144,
      "y": 127,
      "width": 296,
      "height": 312
    },
    "offset": {
      "x": 32,
      "y": -23
    },
    "originalSize": {
      "width": 520,
      "height": 520
    },
    "rotated": false,
    "capInsets": [
      0,
      0,
      0,
      0
    ],
    "vertices": {
      "rawPosition": [
        -148,
        -156,
        0,
        148,
        -156,
        0,
        -148,
        156,
        0,
        148,
        156,
        0
      ],
      "indexes": [
        0,
        1,
        2,
        2,
        1,
        3
      ],
      "uv": [
        144,
        393,
        440,
        393,
        144,
        81,
        440,
        81
      ],
      "nuv": [
        0.27692307692307694,
        0.15576923076923077,
        0.8461538461538461,
        0.15576923076923077,
        0.27692307692307694,
        0.7557692307692307,
        0.8461538461538461,
        0.7557692307692307
      ],
      "minPos": {
        "x": -148,
        "y": -156,
        "z": 0
      },
      "maxPos": {
        "x": 148,
        "y": 156,
        "z": 0
      }
    },
    "texture": "0e4d8f80-0886-4f68-82c0-463623eb5f02@6c48a",
    "packable": true,
    "pixelsToUnit": 100,
    "pivot": {
      "x": 0.5,
      "y": 0.5
    },
    "meshType": 0
  }
}