{
  "__type__": "cc.SpriteFrame",
  "content": {
    "name": "backCard",
    "atlas": "",
    "rect": {
      "x": 66,
      "y": 36,
      "width": 99,
      "height": 158
    },
    "offset": {
      "x": 0.5,
      "y": 0
    },
    "originalSize": {
      "width": 230,
      "height": 230
    },
    "rotated": false,
    "capInsets": [
      0,
      0,
      0,
      0
    ],
    "vertices": {
      "rawPosition": [
        -49.5,
        -79,
        0,
        49.5,
        -79,
        0,
        -49.5,
        79,
        0,
        49.5,
        79,
        0
      ],
      "indexes": [
        0,
        1,
        2,
        2,
        1,
        3
      ],
      "uv": [
        66,
        194,
        165,
        194,
        66,
        36,
        165,
        36
      ],
      "nuv": [
        0.28695652173913044,
        0.1565217391304348,
        0.717391304347826,
        0.1565217391304348,
        0.28695652173913044,
        0.8434782608695652,
        0.717391304347826,
        0.8434782608695652
      ],
      "minPos": {
        "x": -49.5,
        "y": -79,
        "z": 0
      },
      "maxPos": {
        "x": 49.5,
        "y": 79,
        "z": 0
      }
    },
    "texture": "0eaef207-8d05-4a9c-89d1-1d4bf438759b@6c48a",
    "packable": true,
    "pixelsToUnit": 100,
    "pivot": {
      "x": 0.5,
      "y": 0.5
    },
    "meshType": 0
  }
}