{
  "__type__": "cc.SpriteFrame",
  "content": {
    "name": "table 52",
    "atlas": "",
    "rect": {
      "x": 2,
      "y": 1,
      "width": 88,
      "height": 88
    },
    "offset": {
      "x": -6.5,
      "y": 0
    },
    "originalSize": {
      "width": 105,
      "height": 90
    },
    "rotated": false,
    "capInsets": [
      0,
      0,
      0,
      0
    ],
    "vertices": {
      "rawPosition": [
        -44,
        -44,
        0,
        44,
        -44,
        0,
        -44,
        44,
        0,
        44,
        44,
        0
      ],
      "indexes": [
        0,
        1,
        2,
        2,
        1,
        3
      ],
      "uv": [
        2,
        89,
        90,
        89,
        2,
        1,
        90,
        1
      ],
      "nuv": [
        0.01904761904761905,
        0.011111111111111112,
        0.8571428571428571,
        0.011111111111111112,
        0.01904761904761905,
        0.9888888888888889,
        0.8571428571428571,
        0.9888888888888889
      ],
      "minPos": {
        "x": -44,
        "y": -44,
        "z": 0
      },
      "maxPos": {
        "x": 44,
        "y": 44,
        "z": 0
      }
    },
    "texture": "837dec81-cc21-4b11-84d9-572ff118c94a@6c48a",
    "packable": true,
    "pixelsToUnit": 100,
    "pivot": {
      "x": 0.5,
      "y": 0.5
    },
    "meshType": 0
  }
}