{
  "__type__": "cc.SpriteFrame",
  "content": {
    "name": "Dr_B_25",
    "atlas": "",
    "rect": {
      "x": 51,
      "y": 94,
      "width": 378,
      "height": 350
    },
    "offset": {
      "x": -20,
      "y": -9
    },
    "originalSize": {
      "width": 520,
      "height": 520
    },
    "rotated": false,
    "capInsets": [
      0,
      0,
      0,
      0
    ],
    "vertices": {
      "rawPosition": [
        -189,
        -175,
        0,
        189,
        -175,
        0,
        -189,
        175,
        0,
        189,
        175,
        0
      ],
      "indexes": [
        0,
        1,
        2,
        2,
        1,
        3
      ],
      "uv": [
        51,
        426,
        429,
        426,
        51,
        76,
        429,
        76
      ],
      "nuv": [
        0.09807692307692308,
        0.14615384615384616,
        0.825,
        0.14615384615384616,
        0.09807692307692308,
        0.8192307692307692,
        0.825,
        0.8192307692307692
      ],
      "minPos": {
        "x": -189,
        "y": -175,
        "z": 0
      },
      "maxPos": {
        "x": 189,
        "y": 175,
        "z": 0
      }
    },
    "texture": "403f8df7-d99c-49bd-b068-f2d627b609ba@6c48a",
    "packable": true,
    "pixelsToUnit": 100,
    "pivot": {
      "x": 0.5,
      "y": 0.5
    },
    "meshType": 0
  }
}