{
  "__type__": "cc.SpriteFrame",
  "content": {
    "name": "stopBet",
    "atlas": "",
    "rect": {
      "x": 0,
      "y": 1,
      "width": 451,
      "height": 160
    },
    "offset": {
      "x": 0,
      "y": -0.5
    },
    "originalSize": {
      "width": 451,
      "height": 161
    },
    "rotated": false,
    "capInsets": [
      0,
      0,
      0,
      0
    ],
    "vertices": {
      "rawPosition": [
        -225.5,
        -80,
        0,
        225.5,
        -80,
        0,
        -225.5,
        80,
        0,
        225.5,
        80,
        0
      ],
      "indexes": [
        0,
        1,
        2,
        2,
        1,
        3
      ],
      "uv": [
        0,
        160,
        451,
        160,
        0,
        0,
        451,
        0
      ],
      "nuv": [
        0,
        0,
        1,
        0,
        0,
        0.9937888198757764,
        1,
        0.9937888198757764
      ],
      "minPos": {
        "x": -225.5,
        "y": -80,
        "z": 0
      },
      "maxPos": {
        "x": 225.5,
        "y": 80,
        "z": 0
      }
    },
    "texture": "0c724ca2-9a08-46c2-95e0-06a104a3024a@6c48a",
    "packable": true,
    "pixelsToUnit": 100,
    "pivot": {
      "x": 0.5,
      "y": 0.5
    },
    "meshType": 0
  }
}