{
  "__type__": "cc.SpriteFrame",
  "content": {
    "name": "Elixir_Loading41",
    "atlas": "",
    "rect": {
      "x": 208,
      "y": 191,
      "width": 96,
      "height": 115
    },
    "offset": {
      "x": 0,
      "y": 7.5
    },
    "originalSize": {
      "width": 512,
      "height": 512
    },
    "rotated": false,
    "capInsets": [
      0,
      0,
      0,
      0
    ],
    "vertices": {
      "rawPosition": [
        -48,
        -57.5,
        0,
        48,
        -57.5,
        0,
        -48,
        57.5,
        0,
        48,
        57.5,
        0
      ],
      "indexes": [
        0,
        1,
        2,
        2,
        1,
        3
      ],
      "uv": [
        208,
        321,
        304,
        321,
        208,
        206,
        304,
        206
      ],
      "nuv": [
        0.40625,
        0.40234375,
        0.59375,
        0.40234375,
        0.40625,
        0.626953125,
        0.59375,
        0.626953125
      ],
      "minPos": {
        "x": -48,
        "y": -57.5,
        "z": 0
      },
      "maxPos": {
        "x": 48,
        "y": 57.5,
        "z": 0
      }
    },
    "texture": "4eae25bd-5fea-4554-a457-28ec7c158bb7@6c48a",
    "packable": true,
    "pixelsToUnit": 100,
    "pivot": {
      "x": 0.5,
      "y": 0.5
    },
    "meshType": 0
  }
}