{
  "__type__": "cc.SpriteFrame",
  "content": {
    "name": "T_Slash_27",
    "atlas": "",
    "rect": {
      "x": 6,
      "y": 32,
      "width": 317,
      "height": 376
    },
    "offset": {
      "x": -145.5,
      "y": 90
    },
    "originalSize": {
      "width": 620,
      "height": 620
    },
    "rotated": false,
    "capInsets": [
      0,
      0,
      0,
      0
    ],
    "vertices": {
      "rawPosition": [
        -158.5,
        -188,
        0,
        158.5,
        -188,
        0,
        -158.5,
        188,
        0,
        158.5,
        188,
        0
      ],
      "indexes": [
        0,
        1,
        2,
        2,
        1,
        3
      ],
      "uv": [
        6,
        588,
        323,
        588,
        6,
        212,
        323,
        212
      ],
      "nuv": [
        0.00967741935483871,
        0.3419354838709677,
        0.5209677419354839,
        0.3419354838709677,
        0.00967741935483871,
        0.9483870967741935,
        0.5209677419354839,
        0.9483870967741935
      ],
      "minPos": {
        "x": -158.5,
        "y": -188,
        "z": 0
      },
      "maxPos": {
        "x": 158.5,
        "y": 188,
        "z": 0
      }
    },
    "texture": "93dac988-8888-48e1-abfe-6abedcf2f5bf@6c48a",
    "packable": true,
    "pixelsToUnit": 100,
    "pivot": {
      "x": 0.5,
      "y": 0.5
    },
    "meshType": 0
  }
}