{
  "__type__": "cc.SpriteFrame",
  "content": {
    "name": "Dr_B_30",
    "atlas": "",
    "rect": {
      "x": 90,
      "y": 79,
      "width": 351,
      "height": 361
    },
    "offset": {
      "x": 5.5,
      "y": 0.5
    },
    "originalSize": {
      "width": 520,
      "height": 520
    },
    "rotated": false,
    "capInsets": [
      0,
      0,
      0,
      0
    ],
    "vertices": {
      "rawPosition": [
        -175.5,
        -180.5,
        0,
        175.5,
        -180.5,
        0,
        -175.5,
        180.5,
        0,
        175.5,
        180.5,
        0
      ],
      "indexes": [
        0,
        1,
        2,
        2,
        1,
        3
      ],
      "uv": [
        90,
        441,
        441,
        441,
        90,
        80,
        441,
        80
      ],
      "nuv": [
        0.17307692307692307,
        0.15384615384615385,
        0.8480769230769231,
        0.15384615384615385,
        0.17307692307692307,
        0.8480769230769231,
        0.8480769230769231,
        0.8480769230769231
      ],
      "minPos": {
        "x": -175.5,
        "y": -180.5,
        "z": 0
      },
      "maxPos": {
        "x": 175.5,
        "y": 180.5,
        "z": 0
      }
    },
    "texture": "df78659e-829a-4171-8ce3-5b5748b5d25f@6c48a",
    "packable": true,
    "pixelsToUnit": 100,
    "pivot": {
      "x": 0.5,
      "y": 0.5
    },
    "meshType": 0
  }
}