{
  "__type__": "cc.SpriteFrame",
  "content": {
    "name": "Frame 427322296",
    "atlas": "",
    "rect": {
      "x": 1,
      "y": 7,
      "width": 97,
      "height": 145
    },
    "offset": {
      "x": 0,
      "y": -0.5
    },
    "originalSize": {
      "width": 99,
      "height": 158
    },
    "rotated": false,
    "capInsets": [
      0,
      0,
      0,
      0
    ],
    "vertices": {
      "rawPosition": [
        -48.5,
        -72.5,
        0,
        48.5,
        -72.5,
        0,
        -48.5,
        72.5,
        0,
        48.5,
        72.5,
        0
      ],
      "indexes": [
        0,
        1,
        2,
        2,
        1,
        3
      ],
      "uv": [
        1,
        151,
        98,
        151,
        1,
        6,
        98,
        6
      ],
      "nuv": [
        0.010101010101010102,
        0.0379746835443038,
        0.98989898989899,
        0.0379746835443038,
        0.010101010101010102,
        0.9556962025316456,
        0.98989898989899,
        0.9556962025316456
      ],
      "minPos": {
        "x": -48.5,
        "y": -72.5,
        "z": 0
      },
      "maxPos": {
        "x": 48.5,
        "y": 72.5,
        "z": 0
      }
    },
    "texture": "df79c9a1-4443-4f77-ace3-43c73ddcabd5@6c48a",
    "packable": true,
    "pixelsToUnit": 100,
    "pivot": {
      "x": 0.5,
      "y": 0.5
    },
    "meshType": 0
  }
}