{
  "__type__": "cc.SpriteFrame",
  "content": {
    "name": "tigerIde2",
    "atlas": "",
    "rect": {
      "x": 64,
      "y": 63,
      "width": 7657,
      "height": 896
    },
    "offset": {
      "x": -7.5,
      "y": 9
    },
    "originalSize": {
      "width": 7800,
      "height": 1040
    },
    "rotated": false,
    "capInsets": [
      0,
      0,
      0,
      0
    ],
    "vertices": {
      "rawPosition": [
        -3828.5,
        -448,
        0,
        3828.5,
        -448,
        0,
        -3828.5,
        448,
        0,
        3828.5,
        448,
        0
      ],
      "indexes": [
        0,
        1,
        2,
        2,
        1,
        3
      ],
      "uv": [
        64,
        977,
        7721,
        977,
        64,
        81,
        7721,
        81
      ],
      "nuv": [
        0.008205128205128205,
        0.07788461538461539,
        0.9898717948717949,
        0.07788461538461539,
        0.008205128205128205,
        0.9394230769230769,
        0.9898717948717949,
        0.9394230769230769
      ],
      "minPos": {
        "x": -3828.5,
        "y": -448,
        "z": 0
      },
      "maxPos": {
        "x": 3828.5,
        "y": 448,
        "z": 0
      }
    },
    "texture": "c9d2f33a-8afd-4833-9e3d-b719f1bfe087@6c48a",
    "packable": true,
    "pixelsToUnit": 100,
    "pivot": {
      "x": 0.5,
      "y": 0.5
    },
    "meshType": 0
  }
}