{
  "__type__": "cc.SpriteFrame",
  "content": {
    "name": "Dr_B_23",
    "atlas": "",
    "rect": {
      "x": 65,
      "y": 86,
      "width": 374,
      "height": 355
    },
    "offset": {
      "x": -8,
      "y": -3.5
    },
    "originalSize": {
      "width": 520,
      "height": 520
    },
    "rotated": false,
    "capInsets": [
      0,
      0,
      0,
      0
    ],
    "vertices": {
      "rawPosition": [
        -187,
        -177.5,
        0,
        187,
        -177.5,
        0,
        -187,
        177.5,
        0,
        187,
        177.5,
        0
      ],
      "indexes": [
        0,
        1,
        2,
        2,
        1,
        3
      ],
      "uv": [
        65,
        434,
        439,
        434,
        65,
        79,
        439,
        79
      ],
      "nuv": [
        0.125,
        0.1519230769230769,
        0.8442307692307692,
        0.1519230769230769,
        0.125,
        0.8346153846153846,
        0.8442307692307692,
        0.8346153846153846
      ],
      "minPos": {
        "x": -187,
        "y": -177.5,
        "z": 0
      },
      "maxPos": {
        "x": 187,
        "y": 177.5,
        "z": 0
      }
    },
    "texture": "c6a10c9b-2a7c-47e8-90b9-62f2d9af2ece@6c48a",
    "packable": true,
    "pixelsToUnit": 100,
    "pivot": {
      "x": 0.5,
      "y": 0.5
    },
    "meshType": 0
  }
}