{
  "__type__": "cc.SpriteFrame",
  "content": {
    "name": "T_Slash_09",
    "atlas": "",
    "rect": {
      "x": 200,
      "y": 256,
      "width": 303,
      "height": 267
    },
    "offset": {
      "x": 41.5,
      "y": -79.5
    },
    "originalSize": {
      "width": 620,
      "height": 620
    },
    "rotated": false,
    "capInsets": [
      0,
      0,
      0,
      0
    ],
    "vertices": {
      "rawPosition": [
        -151.5,
        -133.5,
        0,
        151.5,
        -133.5,
        0,
        -151.5,
        133.5,
        0,
        151.5,
        133.5,
        0
      ],
      "indexes": [
        0,
        1,
        2,
        2,
        1,
        3
      ],
      "uv": [
        200,
        364,
        503,
        364,
        200,
        97,
        503,
        97
      ],
      "nuv": [
        0.3225806451612903,
        0.15645161290322582,
        0.8112903225806452,
        0.15645161290322582,
        0.3225806451612903,
        0.5870967741935483,
        0.8112903225806452,
        0.5870967741935483
      ],
      "minPos": {
        "x": -151.5,
        "y": -133.5,
        "z": 0
      },
      "maxPos": {
        "x": 151.5,
        "y": 133.5,
        "z": 0
      }
    },
    "texture": "e6832c4e-4851-4da9-bf03-448a126cede9@6c48a",
    "packable": true,
    "pixelsToUnit": 100,
    "pivot": {
      "x": 0.5,
      "y": 0.5
    },
    "meshType": 0
  }
}