{
  "__type__": "cc.SpriteFrame",
  "content": {
    "name": "DragonIde",
    "atlas": "",
    "rect": {
      "x": 2,
      "y": 2,
      "width": 1976,
      "height": 1916
    },
    "offset": {
      "x": 0,
      "y": 0
    },
    "originalSize": {
      "width": 1980,
      "height": 1920
    },
    "rotated": false,
    "capInsets": [
      0,
      0,
      0,
      0
    ],
    "vertices": {
      "rawPosition": [
        -988,
        -958,
        0,
        988,
        -958,
        0,
        -988,
        958,
        0,
        988,
        958,
        0
      ],
      "indexes": [
        0,
        1,
        2,
        2,
        1,
        3
      ],
      "uv": [
        2,
        1918,
        1978,
        1918,
        2,
        2,
        1978,
        2
      ],
      "nuv": [
        0.00101010101010101,
        0.0010416666666666667,
        0.998989898989899,
        0.0010416666666666667,
        0.00101010101010101,
        0.9989583333333333,
        0.998989898989899,
        0.9989583333333333
      ],
      "minPos": {
        "x": -988,
        "y": -958,
        "z": 0
      },
      "maxPos": {
        "x": 988,
        "y": 958,
        "z": 0
      }
    },
    "texture": "646277fc-f1d5-4b9b-a955-27937e012736@6c48a",
    "packable": true,
    "pixelsToUnit": 100,
    "pivot": {
      "x": 0.5,
      "y": 0.5
    },
    "meshType": 0
  }
}