{
  "__type__": "cc.SpriteFrame",
  "content": {
    "name": "Host_29",
    "atlas": "",
    "rect": {
      "x": 45,
      "y": 139,
      "width": 629,
      "height": 266
    },
    "offset": {
      "x": -0.5,
      "y": -12
    },
    "originalSize": {
      "width": 720,
      "height": 520
    },
    "rotated": false,
    "capInsets": [
      0,
      0,
      0,
      0
    ],
    "vertices": {
      "rawPosition": [
        -314.5,
        -133,
        0,
        314.5,
        -133,
        0,
        -314.5,
        133,
        0,
        314.5,
        133,
        0
      ],
      "indexes": [
        0,
        1,
        2,
        2,
        1,
        3
      ],
      "uv": [
        45,
        381,
        674,
        381,
        45,
        115,
        674,
        115
      ],
      "nuv": [
        0.0625,
        0.22115384615384615,
        0.9361111111111111,
        0.22115384615384615,
        0.0625,
        0.7326923076923076,
        0.9361111111111111,
        0.7326923076923076
      ],
      "minPos": {
        "x": -314.5,
        "y": -133,
        "z": 0
      },
      "maxPos": {
        "x": 314.5,
        "y": 133,
        "z": 0
      }
    },
    "texture": "4a57b1ae-d100-4d8c-92b0-47ff914c07d9@6c48a",
    "packable": true,
    "pixelsToUnit": 100,
    "pivot": {
      "x": 0.5,
      "y": 0.5
    },
    "meshType": 0
  }
}