{
  "__type__": "cc.SpriteFrame",
  "content": {
    "name": "Elixir_Loading27",
    "atlas": "",
    "rect": {
      "x": 222,
      "y": 220,
      "width": 100,
      "height": 88
    },
    "offset": {
      "x": 16,
      "y": -8
    },
    "originalSize": {
      "width": 512,
      "height": 512
    },
    "rotated": false,
    "capInsets": [
      0,
      0,
      0,
      0
    ],
    "vertices": {
      "rawPosition": [
        -50,
        -44,
        0,
        50,
        -44,
        0,
        -50,
        44,
        0,
        50,
        44,
        0
      ],
      "indexes": [
        0,
        1,
        2,
        2,
        1,
        3
      ],
      "uv": [
        222,
        292,
        322,
        292,
        222,
        204,
        322,
        204
      ],
      "nuv": [
        0.43359375,
        0.3984375,
        0.62890625,
        0.3984375,
        0.43359375,
        0.5703125,
        0.62890625,
        0.5703125
      ],
      "minPos": {
        "x": -50,
        "y": -44,
        "z": 0
      },
      "maxPos": {
        "x": 50,
        "y": 44,
        "z": 0
      }
    },
    "texture": "f7053418-3046-42e9-8294-57418bb8e63c@6c48a",
    "packable": true,
    "pixelsToUnit": 100,
    "pivot": {
      "x": 0.5,
      "y": 0.5
    },
    "meshType": 0
  }
}