{
  "__type__": "cc.SpriteFrame",
  "content": {
    "name": "Frame 427322266",
    "atlas": "",
    "rect": {
      "x": 0,
      "y": 4,
      "width": 98,
      "height": 146
    },
    "offset": {
      "x": -0.5,
      "y": 2
    },
    "originalSize": {
      "width": 99,
      "height": 158
    },
    "rotated": false,
    "capInsets": [
      0,
      0,
      0,
      0
    ],
    "vertices": {
      "rawPosition": [
        -49,
        -73,
        0,
        49,
        -73,
        0,
        -49,
        73,
        0,
        49,
        73,
        0
      ],
      "indexes": [
        0,
        1,
        2,
        2,
        1,
        3
      ],
      "uv": [
        0,
        154,
        98,
        154,
        0,
        8,
        98,
        8
      ],
      "nuv": [
        0,
        0.05063291139240506,
        0.98989898989899,
        0.05063291139240506,
        0,
        0.9746835443037974,
        0.98989898989899,
        0.9746835443037974
      ],
      "minPos": {
        "x": -49,
        "y": -73,
        "z": 0
      },
      "maxPos": {
        "x": 49,
        "y": 73,
        "z": 0
      }
    },
    "texture": "f7660601-253e-45b3-8160-5896bd5600a7@6c48a",
    "packable": true,
    "pixelsToUnit": 100,
    "pivot": {
      "x": 0.5,
      "y": 0.5
    },
    "meshType": 0
  }
}