{
  "__type__": "cc.SpriteFrame",
  "content": {
    "name": "Dr_B_14",
    "atlas": "",
    "rect": {
      "x": 55,
      "y": 57,
      "width": 384,
      "height": 376
    },
    "offset": {
      "x": -13,
      "y": 15
    },
    "originalSize": {
      "width": 520,
      "height": 520
    },
    "rotated": false,
    "capInsets": [
      0,
      0,
      0,
      0
    ],
    "vertices": {
      "rawPosition": [
        -192,
        -188,
        0,
        192,
        -188,
        0,
        -192,
        188,
        0,
        192,
        188,
        0
      ],
      "indexes": [
        0,
        1,
        2,
        2,
        1,
        3
      ],
      "uv": [
        55,
        463,
        439,
        463,
        55,
        87,
        439,
        87
      ],
      "nuv": [
        0.10576923076923077,
        0.1673076923076923,
        0.8442307692307692,
        0.1673076923076923,
        0.10576923076923077,
        0.8903846153846153,
        0.8442307692307692,
        0.8903846153846153
      ],
      "minPos": {
        "x": -192,
        "y": -188,
        "z": 0
      },
      "maxPos": {
        "x": 192,
        "y": 188,
        "z": 0
      }
    },
    "texture": "f7a928a3-ddbe-4be7-be07-e6970c6a567e@6c48a",
    "packable": true,
    "pixelsToUnit": 100,
    "pivot": {
      "x": 0.5,
      "y": 0.5
    },
    "meshType": 0
  }
}