{
  "__type__": "cc.SpriteFrame",
  "content": {
    "name": "Frame 427322263",
    "atlas": "",
    "rect": {
      "x": 1,
      "y": 6,
      "width": 98,
      "height": 145
    },
    "offset": {
      "x": 0.5,
      "y": 0.5
    },
    "originalSize": {
      "width": 99,
      "height": 158
    },
    "rotated": false,
    "capInsets": [
      0,
      0,
      0,
      0
    ],
    "vertices": {
      "rawPosition": [
        -49,
        -72.5,
        0,
        49,
        -72.5,
        0,
        -49,
        72.5,
        0,
        49,
        72.5,
        0
      ],
      "indexes": [
        0,
        1,
        2,
        2,
        1,
        3
      ],
      "uv": [
        1,
        152,
        99,
        152,
        1,
        7,
        99,
        7
      ],
      "nuv": [
        0.010101010101010102,
        0.04430379746835443,
        1,
        0.04430379746835443,
        0.010101010101010102,
        0.9620253164556962,
        1,
        0.9620253164556962
      ],
      "minPos": {
        "x": -49,
        "y": -72.5,
        "z": 0
      },
      "maxPos": {
        "x": 49,
        "y": 72.5,
        "z": 0
      }
    },
    "texture": "8d471aac-0f73-4d32-b2c9-f57a26fbb6fa@6c48a",
    "packable": true,
    "pixelsToUnit": 100,
    "pivot": {
      "x": 0.5,
      "y": 0.5
    },
    "meshType": 0
  }
}