{
  "__type__": "cc.SpriteFrame",
  "content": {
    "name": "Elixir_Loading33",
    "atlas": "",
    "rect": {
      "x": 201,
      "y": 177,
      "width": 112,
      "height": 138
    },
    "offset": {
      "x": 1,
      "y": 10
    },
    "originalSize": {
      "width": 512,
      "height": 512
    },
    "rotated": false,
    "capInsets": [
      0,
      0,
      0,
      0
    ],
    "vertices": {
      "rawPosition": [
        -56,
        -69,
        0,
        56,
        -69,
        0,
        -56,
        69,
        0,
        56,
        69,
        0
      ],
      "indexes": [
        0,
        1,
        2,
        2,
        1,
        3
      ],
      "uv": [
        201,
        335,
        313,
        335,
        201,
        197,
        313,
        197
      ],
      "nuv": [
        0.392578125,
        0.384765625,
        0.611328125,
        0.384765625,
        0.392578125,
        0.654296875,
        0.611328125,
        0.654296875
      ],
      "minPos": {
        "x": -56,
        "y": -69,
        "z": 0
      },
      "maxPos": {
        "x": 56,
        "y": 69,
        "z": 0
      }
    },
    "texture": "ed1992e9-e6e6-4034-9127-0edcceabc1d9@6c48a",
    "packable": true,
    "pixelsToUnit": 100,
    "pivot": {
      "x": 0.5,
      "y": 0.5
    },
    "meshType": 0
  }
}