{
  "__type__": "cc.SpriteFrame",
  "content": {
    "name": "SpitFire09",
    "atlas": "",
    "rect": {
      "x": 20,
      "y": 115,
      "width": 478,
      "height": 290
    },
    "offset": {
      "x": -1,
      "y": 0
    },
    "originalSize": {
      "width": 520,
      "height": 520
    },
    "rotated": false,
    "capInsets": [
      0,
      0,
      0,
      0
    ],
    "vertices": {
      "rawPosition": [
        -239,
        -145,
        0,
        239,
        -145,
        0,
        -239,
        145,
        0,
        239,
        145,
        0
      ],
      "indexes": [
        0,
        1,
        2,
        2,
        1,
        3
      ],
      "uv": [
        20,
        405,
        498,
        405,
        20,
        115,
        498,
        115
      ],
      "nuv": [
        0.038461538461538464,
        0.22115384615384615,
        0.9576923076923077,
        0.22115384615384615,
        0.038461538461538464,
        0.7788461538461539,
        0.9576923076923077,
        0.7788461538461539
      ],
      "minPos": {
        "x": -239,
        "y": -145,
        "z": 0
      },
      "maxPos": {
        "x": 239,
        "y": 145,
        "z": 0
      }
    },
    "texture": "ed63c255-52ca-4319-bf24-aa01667a7f57@6c48a",
    "packable": true,
    "pixelsToUnit": 100,
    "pivot": {
      "x": 0.5,
      "y": 0.5
    },
    "meshType": 0
  }
}