{
  "__type__": "cc.SpriteFrame",
  "content": {
    "name": "TH15",
    "atlas": "",
    "rect": {
      "x": 145,
      "y": 127,
      "width": 295,
      "height": 313
    },
    "offset": {
      "x": 32.5,
      "y": -23.5
    },
    "originalSize": {
      "width": 520,
      "height": 520
    },
    "rotated": false,
    "capInsets": [
      0,
      0,
      0,
      0
    ],
    "vertices": {
      "rawPosition": [
        -147.5,
        -156.5,
        0,
        147.5,
        -156.5,
        0,
        -147.5,
        156.5,
        0,
        147.5,
        156.5,
        0
      ],
      "indexes": [
        0,
        1,
        2,
        2,
        1,
        3
      ],
      "uv": [
        145,
        393,
        440,
        393,
        145,
        80,
        440,
        80
      ],
      "nuv": [
        0.27884615384615385,
        0.15384615384615385,
        0.8461538461538461,
        0.15384615384615385,
        0.27884615384615385,
        0.7557692307692307,
        0.8461538461538461,
        0.7557692307692307
      ],
      "minPos": {
        "x": -147.5,
        "y": -156.5,
        "z": 0
      },
      "maxPos": {
        "x": 147.5,
        "y": 156.5,
        "z": 0
      }
    },
    "texture": "ac44eac4-ef0a-46fa-8987-499775c4cd12@6c48a",
    "packable": true,
    "pixelsToUnit": 100,
    "pivot": {
      "x": 0.5,
      "y": 0.5
    },
    "meshType": 0
  }
}