{
  "__type__": "cc.SpriteFrame",
  "content": {
    "name": "TH08",
    "atlas": "",
    "rect": {
      "x": 149,
      "y": 124,
      "width": 296,
      "height": 313
    },
    "offset": {
      "x": 37,
      "y": -20.5
    },
    "originalSize": {
      "width": 520,
      "height": 520
    },
    "rotated": false,
    "capInsets": [
      0,
      0,
      0,
      0
    ],
    "vertices": {
      "rawPosition": [
        -148,
        -156.5,
        0,
        148,
        -156.5,
        0,
        -148,
        156.5,
        0,
        148,
        156.5,
        0
      ],
      "indexes": [
        0,
        1,
        2,
        2,
        1,
        3
      ],
      "uv": [
        149,
        396,
        445,
        396,
        149,
        83,
        445,
        83
      ],
      "nuv": [
        0.2865384615384615,
        0.1596153846153846,
        0.8557692307692307,
        0.1596153846153846,
        0.2865384615384615,
        0.7615384615384615,
        0.8557692307692307,
        0.7615384615384615
      ],
      "minPos": {
        "x": -148,
        "y": -156.5,
        "z": 0
      },
      "maxPos": {
        "x": 148,
        "y": 156.5,
        "z": 0
      }
    },
    "texture": "d2c981e1-f66c-493a-815a-549e6675b98f@6c48a",
    "packable": true,
    "pixelsToUnit": 100,
    "pivot": {
      "x": 0.5,
      "y": 0.5
    },
    "meshType": 0
  }
}