{
  "__type__": "cc.SpriteFrame",
  "content": {
    "name": "Dr_B_31",
    "atlas": "",
    "rect": {
      "x": 91,
      "y": 81,
      "width": 352,
      "height": 358
    },
    "offset": {
      "x": 7,
      "y": 0
    },
    "originalSize": {
      "width": 520,
      "height": 520
    },
    "rotated": false,
    "capInsets": [
      0,
      0,
      0,
      0
    ],
    "vertices": {
      "rawPosition": [
        -176,
        -179,
        0,
        176,
        -179,
        0,
        -176,
        179,
        0,
        176,
        179,
        0
      ],
      "indexes": [
        0,
        1,
        2,
        2,
        1,
        3
      ],
      "uv": [
        91,
        439,
        443,
        439,
        91,
        81,
        443,
        81
      ],
      "nuv": [
        0.175,
        0.15576923076923077,
        0.8519230769230769,
        0.15576923076923077,
        0.175,
        0.8442307692307692,
        0.8519230769230769,
        0.8442307692307692
      ],
      "minPos": {
        "x": -176,
        "y": -179,
        "z": 0
      },
      "maxPos": {
        "x": 176,
        "y": 179,
        "z": 0
      }
    },
    "texture": "d2fe7391-bc5d-41f5-a206-16a812e50e2e@6c48a",
    "packable": true,
    "pixelsToUnit": 100,
    "pivot": {
      "x": 0.5,
      "y": 0.5
    },
    "meshType": 0
  }
}