{
  "__type__": "cc.SpriteFrame",
  "content": {
    "name": "TIE07",
    "atlas": "",
    "rect": {
      "x": 110,
      "y": 90,
      "width": 260,
      "height": 136
    },
    "offset": {
      "x": 0,
      "y": 2
    },
    "originalSize": {
      "width": 480,
      "height": 320
    },
    "rotated": false,
    "capInsets": [
      0,
      0,
      0,
      0
    ],
    "vertices": {
      "rawPosition": [
        -130,
        -68,
        0,
        130,
        -68,
        0,
        -130,
        68,
        0,
        130,
        68,
        0
      ],
      "indexes": [
        0,
        1,
        2,
        2,
        1,
        3
      ],
      "uv": [
        110,
        230,
        370,
        230,
        110,
        94,
        370,
        94
      ],
      "nuv": [
        0.22916666666666666,
        0.29375,
        0.7708333333333334,
        0.29375,
        0.22916666666666666,
        0.71875,
        0.7708333333333334,
        0.71875
      ],
      "minPos": {
        "x": -130,
        "y": -68,
        "z": 0
      },
      "maxPos": {
        "x": 130,
        "y": 68,
        "z": 0
      }
    },
    "texture": "efdeaf0a-0d98-4e6d-a3cd-ea65ce2dde60@6c48a",
    "packable": true,
    "pixelsToUnit": 100,
    "pivot": {
      "x": 0.5,
      "y": 0.5
    },
    "meshType": 0
  }
}