{
  "__type__": "cc.SpriteFrame",
  "content": {
    "name": "T_dig_17",
    "atlas": "",
    "rect": {
      "x": 27,
      "y": 334,
      "width": 221,
      "height": 155
    },
    "offset": {
      "x": -183,
      "y": -153
    },
    "originalSize": {
      "width": 641,
      "height": 517
    },
    "rotated": false,
    "capInsets": [
      0,
      0,
      0,
      0
    ],
    "vertices": {
      "rawPosition": [
        -110.5,
        -77.5,
        0,
        110.5,
        -77.5,
        0,
        -110.5,
        77.5,
        0,
        110.5,
        77.5,
        0
      ],
      "indexes": [
        0,
        1,
        2,
        2,
        1,
        3
      ],
      "uv": [
        27,
        183,
        248,
        183,
        27,
        28,
        248,
        28
      ],
      "nuv": [
        0.0421216848673947,
        0.05415860735009671,
        0.3868954758190328,
        0.05415860735009671,
        0.0421216848673947,
        0.3539651837524178,
        0.3868954758190328,
        0.3539651837524178
      ],
      "minPos": {
        "x": -110.5,
        "y": -77.5,
        "z": 0
      },
      "maxPos": {
        "x": 110.5,
        "y": 77.5,
        "z": 0
      }
    },
    "texture": "fb2a3516-a62f-4b37-a008-17c840c72c13@6c48a",
    "packable": true,
    "pixelsToUnit": 100,
    "pivot": {
      "x": 0.5,
      "y": 0.5
    },
    "meshType": 0
  }
}