{
  "__type__": "cc.SpriteFrame",
  "content": {
    "name": "TIE03",
    "atlas": "",
    "rect": {
      "x": 127,
      "y": 99,
      "width": 226,
      "height": 118
    },
    "offset": {
      "x": 0,
      "y": 2
    },
    "originalSize": {
      "width": 480,
      "height": 320
    },
    "rotated": false,
    "capInsets": [
      0,
      0,
      0,
      0
    ],
    "vertices": {
      "rawPosition": [
        -113,
        -59,
        0,
        113,
        -59,
        0,
        -113,
        59,
        0,
        113,
        59,
        0
      ],
      "indexes": [
        0,
        1,
        2,
        2,
        1,
        3
      ],
      "uv": [
        127,
        221,
        353,
        221,
        127,
        103,
        353,
        103
      ],
      "nuv": [
        0.26458333333333334,
        0.321875,
        0.7354166666666667,
        0.321875,
        0.26458333333333334,
        0.690625,
        0.7354166666666667,
        0.690625
      ],
      "minPos": {
        "x": -113,
        "y": -59,
        "z": 0
      },
      "maxPos": {
        "x": 113,
        "y": 59,
        "z": 0
      }
    },
    "texture": "fb9d48bc-acc6-4d5e-ada6-61d840ae98f9@6c48a",
    "packable": true,
    "pixelsToUnit": 100,
    "pivot": {
      "x": 0.5,
      "y": 0.5
    },
    "meshType": 0
  }
}