{
  "__type__": "cc.SpriteFrame",
  "content": {
    "name": "TH06",
    "atlas": "",
    "rect": {
      "x": 142,
      "y": 126,
      "width": 287,
      "height": 312
    },
    "offset": {
      "x": 25.5,
      "y": -22
    },
    "originalSize": {
      "width": 520,
      "height": 520
    },
    "rotated": false,
    "capInsets": [
      0,
      0,
      0,
      0
    ],
    "vertices": {
      "rawPosition": [
        -143.5,
        -156,
        0,
        143.5,
        -156,
        0,
        -143.5,
        156,
        0,
        143.5,
        156,
        0
      ],
      "indexes": [
        0,
        1,
        2,
        2,
        1,
        3
      ],
      "uv": [
        142,
        394,
        429,
        394,
        142,
        82,
        429,
        82
      ],
      "nuv": [
        0.27307692307692305,
        0.1576923076923077,
        0.825,
        0.1576923076923077,
        0.27307692307692305,
        0.7576923076923077,
        0.825,
        0.7576923076923077
      ],
      "minPos": {
        "x": -143.5,
        "y": -156,
        "z": 0
      },
      "maxPos": {
        "x": 143.5,
        "y": 156,
        "z": 0
      }
    },
    "texture": "3fa62ed5-476a-4668-bad5-7cdf7bd7c598@6c48a",
    "packable": true,
    "pixelsToUnit": 100,
    "pivot": {
      "x": 0.5,
      "y": 0.5
    },
    "meshType": 0
  }
}