{
  "__type__": "cc.SpriteFrame",
  "content": {
    "name": "Elixir_Loading18",
    "atlas": "",
    "rect": {
      "x": 248,
      "y": 247,
      "width": 14,
      "height": 15
    },
    "offset": {
      "x": -1,
      "y": 1.5
    },
    "originalSize": {
      "width": 512,
      "height": 512
    },
    "rotated": false,
    "capInsets": [
      0,
      0,
      0,
      0
    ],
    "vertices": {
      "rawPosition": [
        -7,
        -7.5,
        0,
        7,
        -7.5,
        0,
        -7,
        7.5,
        0,
        7,
        7.5,
        0
      ],
      "indexes": [
        0,
        1,
        2,
        2,
        1,
        3
      ],
      "uv": [
        248,
        265,
        262,
        265,
        248,
        250,
        262,
        250
      ],
      "nuv": [
        0.484375,
        0.48828125,
        0.51171875,
        0.48828125,
        0.484375,
        0.517578125,
        0.51171875,
        0.517578125
      ],
      "minPos": {
        "x": -7,
        "y": -7.5,
        "z": 0
      },
      "maxPos": {
        "x": 7,
        "y": 7.5,
        "z": 0
      }
    },
    "texture": "34343d7c-003f-407d-b358-d6d42aed2a9b@6c48a",
    "packable": true,
    "pixelsToUnit": 100,
    "pivot": {
      "x": 0.5,
      "y": 0.5
    },
    "meshType": 0
  }
}