{
  "__type__": "cc.SpriteFrame",
  "content": {
    "name": "DragonHurt",
    "atlas": "",
    "rect": {
      "x": 2,
      "y": 2,
      "width": 5368,
      "height": 2022
    },
    "offset": {
      "x": 0,
      "y": 0
    },
    "originalSize": {
      "width": 5372,
      "height": 2026
    },
    "rotated": false,
    "capInsets": [
      0,
      0,
      0,
      0
    ],
    "vertices": {
      "rawPosition": [
        -2684,
        -1011,
        0,
        2684,
        -1011,
        0,
        -2684,
        1011,
        0,
        2684,
        1011,
        0
      ],
      "indexes": [
        0,
        1,
        2,
        2,
        1,
        3
      ],
      "uv": [
        2,
        2024,
        5370,
        2024,
        2,
        2,
        5370,
        2
      ],
      "nuv": [
        0.00037230081906180194,
        0.0009871668311944718,
        0.9996276991809382,
        0.0009871668311944718,
        0.00037230081906180194,
        0.9990128331688055,
        0.9996276991809382,
        0.9990128331688055
      ],
      "minPos": {
        "x": -2684,
        "y": -1011,
        "z": 0
      },
      "maxPos": {
        "x": 2684,
        "y": 1011,
        "z": 0
      }
    },
    "texture": "347712a3-f874-46bb-8116-8ae4141123e9@6c48a",
    "packable": true,
    "pixelsToUnit": 100,
    "pivot": {
      "x": 0.5,
      "y": 0.5
    },
    "meshType": 0
  }
}