{
  "__type__": "cc.SpriteFrame",
  "content": {
    "name": "Elixir_Loading30",
    "atlas": "",
    "rect": {
      "x": 212,
      "y": 206,
      "width": 119,
      "height": 97
    },
    "offset": {
      "x": 15.5,
      "y": 1.5
    },
    "originalSize": {
      "width": 512,
      "height": 512
    },
    "rotated": false,
    "capInsets": [
      0,
      0,
      0,
      0
    ],
    "vertices": {
      "rawPosition": [
        -59.5,
        -48.5,
        0,
        59.5,
        -48.5,
        0,
        -59.5,
        48.5,
        0,
        59.5,
        48.5,
        0
      ],
      "indexes": [
        0,
        1,
        2,
        2,
        1,
        3
      ],
      "uv": [
        212,
        306,
        331,
        306,
        212,
        209,
        331,
        209
      ],
      "nuv": [
        0.4140625,
        0.408203125,
        0.646484375,
        0.408203125,
        0.4140625,
        0.59765625,
        0.646484375,
        0.59765625
      ],
      "minPos": {
        "x": -59.5,
        "y": -48.5,
        "z": 0
      },
      "maxPos": {
        "x": 59.5,
        "y": 48.5,
        "z": 0
      }
    },
    "texture": "34d049e4-8387-4ee5-b945-a78375922eaf@6c48a",
    "packable": true,
    "pixelsToUnit": 100,
    "pivot": {
      "x": 0.5,
      "y": 0.5
    },
    "meshType": 0
  }
}