{
  "__type__": "cc.SpriteFrame",
  "content": {
    "name": "Frame 427322265",
    "atlas": "",
    "rect": {
      "x": 0,
      "y": 7,
      "width": 99,
      "height": 145
    },
    "offset": {
      "x": 0,
      "y": -0.5
    },
    "originalSize": {
      "width": 99,
      "height": 158
    },
    "rotated": false,
    "capInsets": [
      0,
      0,
      0,
      0
    ],
    "vertices": {
      "rawPosition": [
        -49.5,
        -72.5,
        0,
        49.5,
        -72.5,
        0,
        -49.5,
        72.5,
        0,
        49.5,
        72.5,
        0
      ],
      "indexes": [
        0,
        1,
        2,
        2,
        1,
        3
      ],
      "uv": [
        0,
        151,
        99,
        151,
        0,
        6,
        99,
        6
      ],
      "nuv": [
        0,
        0.0379746835443038,
        1,
        0.0379746835443038,
        0,
        0.9556962025316456,
        1,
        0.9556962025316456
      ],
      "minPos": {
        "x": -49.5,
        "y": -72.5,
        "z": 0
      },
      "maxPos": {
        "x": 49.5,
        "y": 72.5,
        "z": 0
      }
    },
    "texture": "17504577-123e-48c3-8a34-29f4789fd29b@6c48a",
    "packable": true,
    "pixelsToUnit": 100,
    "pivot": {
      "x": 0.5,
      "y": 0.5
    },
    "meshType": 0
  }
}