{
  "__type__": "cc.SpriteFrame",
  "content": {
    "name": "Elixir_Loading29",
    "atlas": "",
    "rect": {
      "x": 214,
      "y": 213,
      "width": 119,
      "height": 87
    },
    "offset": {
      "x": 17.5,
      "y": -0.5
    },
    "originalSize": {
      "width": 512,
      "height": 512
    },
    "rotated": false,
    "capInsets": [
      0,
      0,
      0,
      0
    ],
    "vertices": {
      "rawPosition": [
        -59.5,
        -43.5,
        0,
        59.5,
        -43.5,
        0,
        -59.5,
        43.5,
        0,
        59.5,
        43.5,
        0
      ],
      "indexes": [
        0,
        1,
        2,
        2,
        1,
        3
      ],
      "uv": [
        214,
        299,
        333,
        299,
        214,
        212,
        333,
        212
      ],
      "nuv": [
        0.41796875,
        0.4140625,
        0.650390625,
        0.4140625,
        0.41796875,
        0.583984375,
        0.650390625,
        0.583984375
      ],
      "minPos": {
        "x": -59.5,
        "y": -43.5,
        "z": 0
      },
      "maxPos": {
        "x": 59.5,
        "y": 43.5,
        "z": 0
      }
    },
    "texture": "e59109d8-9bda-4f15-a2cc-18f213269ef1@6c48a",
    "packable": true,
    "pixelsToUnit": 100,
    "pivot": {
      "x": 0.5,
      "y": 0.5
    },
    "meshType": 0
  }
}