{
  "__type__": "cc.SpriteFrame",
  "content": {
    "name": "T_dig_03",
    "atlas": "",
    "rect": {
      "x": 247,
      "y": 178,
      "width": 390,
      "height": 311
    },
    "offset": {
      "x": 121.5,
      "y": -75
    },
    "originalSize": {
      "width": 641,
      "height": 517
    },
    "rotated": false,
    "capInsets": [
      0,
      0,
      0,
      0
    ],
    "vertices": {
      "rawPosition": [
        -195,
        -155.5,
        0,
        195,
        -155.5,
        0,
        -195,
        155.5,
        0,
        195,
        155.5,
        0
      ],
      "indexes": [
        0,
        1,
        2,
        2,
        1,
        3
      ],
      "uv": [
        247,
        339,
        637,
        339,
        247,
        28,
        637,
        28
      ],
      "nuv": [
        0.38533541341653665,
        0.05415860735009671,
        0.9937597503900156,
        0.05415860735009671,
        0.38533541341653665,
        0.655705996131528,
        0.9937597503900156,
        0.655705996131528
      ],
      "minPos": {
        "x": -195,
        "y": -155.5,
        "z": 0
      },
      "maxPos": {
        "x": 195,
        "y": 155.5,
        "z": 0
      }
    },
    "texture": "e3e0d0d4-3e30-4ea2-b970-c6ba0d4d0d12@6c48a",
    "packable": true,
    "pixelsToUnit": 100,
    "pivot": {
      "x": 0.5,
      "y": 0.5
    },
    "meshType": 0
  }
}