{
  "__type__": "cc.SpriteFrame",
  "content": {
    "name": "T_Slash_18",
    "atlas": "",
    "rect": {
      "x": 42,
      "y": 13,
      "width": 323,
      "height": 374
    },
    "offset": {
      "x": -106.5,
      "y": 110
    },
    "originalSize": {
      "width": 620,
      "height": 620
    },
    "rotated": false,
    "capInsets": [
      0,
      0,
      0,
      0
    ],
    "vertices": {
      "rawPosition": [
        -161.5,
        -187,
        0,
        161.5,
        -187,
        0,
        -161.5,
        187,
        0,
        161.5,
        187,
        0
      ],
      "indexes": [
        0,
        1,
        2,
        2,
        1,
        3
      ],
      "uv": [
        42,
        607,
        365,
        607,
        42,
        233,
        365,
        233
      ],
      "nuv": [
        0.06774193548387097,
        0.3758064516129032,
        0.5887096774193549,
        0.3758064516129032,
        0.06774193548387097,
        0.9790322580645161,
        0.5887096774193549,
        0.9790322580645161
      ],
      "minPos": {
        "x": -161.5,
        "y": -187,
        "z": 0
      },
      "maxPos": {
        "x": 161.5,
        "y": 187,
        "z": 0
      }
    },
    "texture": "387d0b3c-09d9-4753-bd9d-bdce23411758@6c48a",
    "packable": true,
    "pixelsToUnit": 100,
    "pivot": {
      "x": 0.5,
      "y": 0.5
    },
    "meshType": 0
  }
}