{
  "__type__": "cc.SpriteFrame",
  "content": {
    "name": "Host_04",
    "atlas": "",
    "rect": {
      "x": 33,
      "y": 134,
      "width": 653,
      "height": 276
    },
    "offset": {
      "x": -0.5,
      "y": -12
    },
    "originalSize": {
      "width": 720,
      "height": 520
    },
    "rotated": false,
    "capInsets": [
      0,
      0,
      0,
      0
    ],
    "vertices": {
      "rawPosition": [
        -326.5,
        -138,
        0,
        326.5,
        -138,
        0,
        -326.5,
        138,
        0,
        326.5,
        138,
        0
      ],
      "indexes": [
        0,
        1,
        2,
        2,
        1,
        3
      ],
      "uv": [
        33,
        386,
        686,
        386,
        33,
        110,
        686,
        110
      ],
      "nuv": [
        0.04583333333333333,
        0.21153846153846154,
        0.9527777777777777,
        0.21153846153846154,
        0.04583333333333333,
        0.7423076923076923,
        0.9527777777777777,
        0.7423076923076923
      ],
      "minPos": {
        "x": -326.5,
        "y": -138,
        "z": 0
      },
      "maxPos": {
        "x": 326.5,
        "y": 138,
        "z": 0
      }
    },
    "texture": "abd37c34-7209-4d84-8e29-4089ad0d81fa@6c48a",
    "packable": true,
    "pixelsToUnit": 100,
    "pivot": {
      "x": 0.5,
      "y": 0.5
    },
    "meshType": 0
  }
}