{
  "__type__": "cc.SpriteFrame",
  "content": {
    "name": "Elixir_Loading28",
    "atlas": "",
    "rect": {
      "x": 217,
      "y": 215,
      "width": 116,
      "height": 82
    },
    "offset": {
      "x": 19,
      "y": 0
    },
    "originalSize": {
      "width": 512,
      "height": 512
    },
    "rotated": false,
    "capInsets": [
      0,
      0,
      0,
      0
    ],
    "vertices": {
      "rawPosition": [
        -58,
        -41,
        0,
        58,
        -41,
        0,
        -58,
        41,
        0,
        58,
        41,
        0
      ],
      "indexes": [
        0,
        1,
        2,
        2,
        1,
        3
      ],
      "uv": [
        217,
        297,
        333,
        297,
        217,
        215,
        333,
        215
      ],
      "nuv": [
        0.423828125,
        0.419921875,
        0.650390625,
        0.419921875,
        0.423828125,
        0.580078125,
        0.650390625,
        0.580078125
      ],
      "minPos": {
        "x": -58,
        "y": -41,
        "z": 0
      },
      "maxPos": {
        "x": 58,
        "y": 41,
        "z": 0
      }
    },
    "texture": "a8f63496-ee30-4305-92bd-d795ca095e34@6c48a",
    "packable": true,
    "pixelsToUnit": 100,
    "pivot": {
      "x": 0.5,
      "y": 0.5
    },
    "meshType": 0
  }
}