{
  "__type__": "cc.SpriteFrame",
  "content": {
    "name": "TIE02",
    "atlas": "",
    "rect": {
      "x": 109,
      "y": 90,
      "width": 262,
      "height": 136
    },
    "offset": {
      "x": 0,
      "y": 2
    },
    "originalSize": {
      "width": 480,
      "height": 320
    },
    "rotated": false,
    "capInsets": [
      0,
      0,
      0,
      0
    ],
    "vertices": {
      "rawPosition": [
        -131,
        -68,
        0,
        131,
        -68,
        0,
        -131,
        68,
        0,
        131,
        68,
        0
      ],
      "indexes": [
        0,
        1,
        2,
        2,
        1,
        3
      ],
      "uv": [
        109,
        230,
        371,
        230,
        109,
        94,
        371,
        94
      ],
      "nuv": [
        0.22708333333333333,
        0.29375,
        0.7729166666666667,
        0.29375,
        0.22708333333333333,
        0.71875,
        0.7729166666666667,
        0.71875
      ],
      "minPos": {
        "x": -131,
        "y": -68,
        "z": 0
      },
      "maxPos": {
        "x": 131,
        "y": 68,
        "z": 0
      }
    },
    "texture": "45502f31-585e-4777-b801-593711221383@6c48a",
    "packable": true,
    "pixelsToUnit": 100,
    "pivot": {
      "x": 0.5,
      "y": 0.5
    },
    "meshType": 0
  }
}