{
  "__type__": "cc.SpriteFrame",
  "content": {
    "name": "Elixir_Loading25",
    "atlas": "",
    "rect": {
      "x": 226,
      "y": 225,
      "width": 66,
      "height": 91
    },
    "offset": {
      "x": 3,
      "y": -14.5
    },
    "originalSize": {
      "width": 512,
      "height": 512
    },
    "rotated": false,
    "capInsets": [
      0,
      0,
      0,
      0
    ],
    "vertices": {
      "rawPosition": [
        -33,
        -45.5,
        0,
        33,
        -45.5,
        0,
        -33,
        45.5,
        0,
        33,
        45.5,
        0
      ],
      "indexes": [
        0,
        1,
        2,
        2,
        1,
        3
      ],
      "uv": [
        226,
        287,
        292,
        287,
        226,
        196,
        292,
        196
      ],
      "nuv": [
        0.44140625,
        0.3828125,
        0.5703125,
        0.3828125,
        0.44140625,
        0.560546875,
        0.5703125,
        0.560546875
      ],
      "minPos": {
        "x": -33,
        "y": -45.5,
        "z": 0
      },
      "maxPos": {
        "x": 33,
        "y": 45.5,
        "z": 0
      }
    },
    "texture": "45b89dfe-914d-433e-aa4c-6d0308b4876d@6c48a",
    "packable": true,
    "pixelsToUnit": 100,
    "pivot": {
      "x": 0.5,
      "y": 0.5
    },
    "meshType": 0
  }
}