{
  "__type__": "cc.SpriteFrame",
  "content": {
    "name": "T_Slash_15",
    "atlas": "",
    "rect": {
      "x": 57,
      "y": 127,
      "width": 548,
      "height": 417
    },
    "offset": {
      "x": 21,
      "y": -25.5
    },
    "originalSize": {
      "width": 620,
      "height": 620
    },
    "rotated": false,
    "capInsets": [
      0,
      0,
      0,
      0
    ],
    "vertices": {
      "rawPosition": [
        -274,
        -208.5,
        0,
        274,
        -208.5,
        0,
        -274,
        208.5,
        0,
        274,
        208.5,
        0
      ],
      "indexes": [
        0,
        1,
        2,
        2,
        1,
        3
      ],
      "uv": [
        57,
        493,
        605,
        493,
        57,
        76,
        605,
        76
      ],
      "nuv": [
        0.09193548387096774,
        0.12258064516129032,
        0.9758064516129032,
        0.12258064516129032,
        0.09193548387096774,
        0.7951612903225806,
        0.9758064516129032,
        0.7951612903225806
      ],
      "minPos": {
        "x": -274,
        "y": -208.5,
        "z": 0
      },
      "maxPos": {
        "x": 274,
        "y": 208.5,
        "z": 0
      }
    },
    "texture": "45e91d4b-9ea8-4d88-b81c-de3dce643a3a@6c48a",
    "packable": true,
    "pixelsToUnit": 100,
    "pivot": {
      "x": 0.5,
      "y": 0.5
    },
    "meshType": 0
  }
}