{
  "__type__": "cc.SpriteFrame",
  "content": {
    "name": "Elixir_Loading36",
    "atlas": "",
    "rect": {
      "x": 189,
      "y": 173,
      "width": 134,
      "height": 153
    },
    "offset": {
      "x": 0,
      "y": 6.5
    },
    "originalSize": {
      "width": 512,
      "height": 512
    },
    "rotated": false,
    "capInsets": [
      0,
      0,
      0,
      0
    ],
    "vertices": {
      "rawPosition": [
        -67,
        -76.5,
        0,
        67,
        -76.5,
        0,
        -67,
        76.5,
        0,
        67,
        76.5,
        0
      ],
      "indexes": [
        0,
        1,
        2,
        2,
        1,
        3
      ],
      "uv": [
        189,
        339,
        323,
        339,
        189,
        186,
        323,
        186
      ],
      "nuv": [
        0.369140625,
        0.36328125,
        0.630859375,
        0.36328125,
        0.369140625,
        0.662109375,
        0.630859375,
        0.662109375
      ],
      "minPos": {
        "x": -67,
        "y": -76.5,
        "z": 0
      },
      "maxPos": {
        "x": 67,
        "y": 76.5,
        "z": 0
      }
    },
    "texture": "45f6833b-4e45-42fd-8cfb-9abc4190b374@6c48a",
    "packable": true,
    "pixelsToUnit": 100,
    "pivot": {
      "x": 0.5,
      "y": 0.5
    },
    "meshType": 0
  }
}