{
  "__type__": "cc.SpriteFrame",
  "content": {
    "name": "T_dig_19",
    "atlas": "",
    "rect": {
      "x": 88,
      "y": 400,
      "width": 109,
      "height": 68
    },
    "offset": {
      "x": -178,
      "y": -175.5
    },
    "originalSize": {
      "width": 641,
      "height": 517
    },
    "rotated": false,
    "capInsets": [
      0,
      0,
      0,
      0
    ],
    "vertices": {
      "rawPosition": [
        -54.5,
        -34,
        0,
        54.5,
        -34,
        0,
        -54.5,
        34,
        0,
        54.5,
        34,
        0
      ],
      "indexes": [
        0,
        1,
        2,
        2,
        1,
        3
      ],
      "uv": [
        88,
        117,
        197,
        117,
        88,
        49,
        197,
        49
      ],
      "nuv": [
        0.1372854914196568,
        0.09477756286266925,
        0.3073322932917317,
        0.09477756286266925,
        0.1372854914196568,
        0.2263056092843327,
        0.3073322932917317,
        0.2263056092843327
      ],
      "minPos": {
        "x": -54.5,
        "y": -34,
        "z": 0
      },
      "maxPos": {
        "x": 54.5,
        "y": 34,
        "z": 0
      }
    },
    "texture": "7d9478ea-b3bd-458c-8513-7aac29ef5cd4@6c48a",
    "packable": true,
    "pixelsToUnit": 100,
    "pivot": {
      "x": 0.5,
      "y": 0.5
    },
    "meshType": 0
  }
}