{
  "__type__": "cc.SpriteFrame",
  "content": {
    "name": "SpitFire00",
    "atlas": "",
    "rect": {
      "x": 69,
      "y": 243,
      "width": 51,
      "height": 34
    },
    "offset": {
      "x": -165.5,
      "y": 0
    },
    "originalSize": {
      "width": 520,
      "height": 520
    },
    "rotated": false,
    "capInsets": [
      0,
      0,
      0,
      0
    ],
    "vertices": {
      "rawPosition": [
        -25.5,
        -17,
        0,
        25.5,
        -17,
        0,
        -25.5,
        17,
        0,
        25.5,
        17,
        0
      ],
      "indexes": [
        0,
        1,
        2,
        2,
        1,
        3
      ],
      "uv": [
        69,
        277,
        120,
        277,
        69,
        243,
        120,
        243
      ],
      "nuv": [
        0.1326923076923077,
        0.4673076923076923,
        0.23076923076923078,
        0.4673076923076923,
        0.1326923076923077,
        0.5326923076923077,
        0.23076923076923078,
        0.5326923076923077
      ],
      "minPos": {
        "x": -25.5,
        "y": -17,
        "z": 0
      },
      "maxPos": {
        "x": 25.5,
        "y": 17,
        "z": 0
      }
    },
    "texture": "47733551-8e0e-4837-a9cd-33c620bdd0ef@6c48a",
    "packable": true,
    "pixelsToUnit": 100,
    "pivot": {
      "x": 0.5,
      "y": 0.5
    },
    "meshType": 0
  }
}