{
  "__type__": "cc.SpriteFrame",
  "content": {
    "name": "Dr_B_28",
    "atlas": "",
    "rect": {
      "x": 78,
      "y": 79,
      "width": 366,
      "height": 374
    },
    "offset": {
      "x": 1,
      "y": -6
    },
    "originalSize": {
      "width": 520,
      "height": 520
    },
    "rotated": false,
    "capInsets": [
      0,
      0,
      0,
      0
    ],
    "vertices": {
      "rawPosition": [
        -183,
        -187,
        0,
        183,
        -187,
        0,
        -183,
        187,
        0,
        183,
        187,
        0
      ],
      "indexes": [
        0,
        1,
        2,
        2,
        1,
        3
      ],
      "uv": [
        78,
        441,
        444,
        441,
        78,
        67,
        444,
        67
      ],
      "nuv": [
        0.15,
        0.12884615384615383,
        0.8538461538461538,
        0.12884615384615383,
        0.15,
        0.8480769230769231,
        0.8538461538461538,
        0.8480769230769231
      ],
      "minPos": {
        "x": -183,
        "y": -187,
        "z": 0
      },
      "maxPos": {
        "x": 183,
        "y": 187,
        "z": 0
      }
    },
    "texture": "47af3c31-e74b-41f3-94d6-cdd14e3a8d70@6c48a",
    "packable": true,
    "pixelsToUnit": 100,
    "pivot": {
      "x": 0.5,
      "y": 0.5
    },
    "meshType": 0
  }
}