{
  "__type__": "cc.SpriteFrame",
  "content": {
    "name": "TH07",
    "atlas": "",
    "rect": {
      "x": 144,
      "y": 125,
      "width": 288,
      "height": 313
    },
    "offset": {
      "x": 28,
      "y": -21.5
    },
    "originalSize": {
      "width": 520,
      "height": 520
    },
    "rotated": false,
    "capInsets": [
      0,
      0,
      0,
      0
    ],
    "vertices": {
      "rawPosition": [
        -144,
        -156.5,
        0,
        144,
        -156.5,
        0,
        -144,
        156.5,
        0,
        144,
        156.5,
        0
      ],
      "indexes": [
        0,
        1,
        2,
        2,
        1,
        3
      ],
      "uv": [
        144,
        395,
        432,
        395,
        144,
        82,
        432,
        82
      ],
      "nuv": [
        0.27692307692307694,
        0.1576923076923077,
        0.8307692307692308,
        0.1576923076923077,
        0.27692307692307694,
        0.7596153846153846,
        0.8307692307692308,
        0.7596153846153846
      ],
      "minPos": {
        "x": -144,
        "y": -156.5,
        "z": 0
      },
      "maxPos": {
        "x": 144,
        "y": 156.5,
        "z": 0
      }
    },
    "texture": "762016b7-c340-4895-9cf7-80c6d74fc2cd@6c48a",
    "packable": true,
    "pixelsToUnit": 100,
    "pivot": {
      "x": 0.5,
      "y": 0.5
    },
    "meshType": 0
  }
}