{
  "__type__": "cc.SpriteFrame",
  "content": {
    "name": "Explo11",
    "atlas": "",
    "rect": {
      "x": 77,
      "y": 74,
      "width": 366,
      "height": 372
    },
    "offset": {
      "x": 0,
      "y": 0
    },
    "originalSize": {
      "width": 520,
      "height": 520
    },
    "rotated": false,
    "capInsets": [
      0,
      0,
      0,
      0
    ],
    "vertices": {
      "rawPosition": [
        -183,
        -186,
        0,
        183,
        -186,
        0,
        -183,
        186,
        0,
        183,
        186,
        0
      ],
      "indexes": [
        0,
        1,
        2,
        2,
        1,
        3
      ],
      "uv": [
        77,
        446,
        443,
        446,
        77,
        74,
        443,
        74
      ],
      "nuv": [
        0.14807692307692308,
        0.1423076923076923,
        0.8519230769230769,
        0.1423076923076923,
        0.14807692307692308,
        0.8576923076923076,
        0.8519230769230769,
        0.8576923076923076
      ],
      "minPos": {
        "x": -183,
        "y": -186,
        "z": 0
      },
      "maxPos": {
        "x": 183,
        "y": 186,
        "z": 0
      }
    },
    "texture": "ecb37115-802c-4dd6-83ef-3250e61f6494@6c48a",
    "packable": true,
    "pixelsToUnit": 100,
    "pivot": {
      "x": 0.5,
      "y": 0.5
    },
    "meshType": 0
  }
}