{
  "__type__": "cc.SpriteFrame",
  "content": {
    "name": "Host_06",
    "atlas": "",
    "rect": {
      "x": 42,
      "y": 138,
      "width": 635,
      "height": 268
    },
    "offset": {
      "x": -0.5,
      "y": -12
    },
    "originalSize": {
      "width": 720,
      "height": 520
    },
    "rotated": false,
    "capInsets": [
      0,
      0,
      0,
      0
    ],
    "vertices": {
      "rawPosition": [
        -317.5,
        -134,
        0,
        317.5,
        -134,
        0,
        -317.5,
        134,
        0,
        317.5,
        134,
        0
      ],
      "indexes": [
        0,
        1,
        2,
        2,
        1,
        3
      ],
      "uv": [
        42,
        382,
        677,
        382,
        42,
        114,
        677,
        114
      ],
      "nuv": [
        0.058333333333333334,
        0.21923076923076923,
        0.9402777777777778,
        0.21923076923076923,
        0.058333333333333334,
        0.7346153846153847,
        0.9402777777777778,
        0.7346153846153847
      ],
      "minPos": {
        "x": -317.5,
        "y": -134,
        "z": 0
      },
      "maxPos": {
        "x": 317.5,
        "y": 134,
        "z": 0
      }
    },
    "texture": "80195420-51f9-492a-85bc-f289f6a21638@6c48a",
    "packable": true,
    "pixelsToUnit": 100,
    "pivot": {
      "x": 0.5,
      "y": 0.5
    },
    "meshType": 0
  }
}