{
  "__type__": "cc.SpriteFrame",
  "content": {
    "name": "Elixir_Loading17",
    "atlas": "",
    "rect": {
      "x": 253,
      "y": 252,
      "width": 6,
      "height": 7
    },
    "offset": {
      "x": 0,
      "y": 0.5
    },
    "originalSize": {
      "width": 512,
      "height": 512
    },
    "rotated": false,
    "capInsets": [
      0,
      0,
      0,
      0
    ],
    "vertices": {
      "rawPosition": [
        -3,
        -3.5,
        0,
        3,
        -3.5,
        0,
        -3,
        3.5,
        0,
        3,
        3.5,
        0
      ],
      "indexes": [
        0,
        1,
        2,
        2,
        1,
        3
      ],
      "uv": [
        253,
        260,
        259,
        260,
        253,
        253,
        259,
        253
      ],
      "nuv": [
        0.494140625,
        0.494140625,
        0.505859375,
        0.494140625,
        0.494140625,
        0.5078125,
        0.505859375,
        0.5078125
      ],
      "minPos": {
        "x": -3,
        "y": -3.5,
        "z": 0
      },
      "maxPos": {
        "x": 3,
        "y": 3.5,
        "z": 0
      }
    },
    "texture": "8061ced0-c1f4-4a28-9a6d-9def7f59d707@6c48a",
    "packable": true,
    "pixelsToUnit": 100,
    "pivot": {
      "x": 0.5,
      "y": 0.5
    },
    "meshType": 0
  }
}