{
  "__type__": "cc.SpriteFrame",
  "content": {
    "name": "Dr_B_03",
    "atlas": "",
    "rect": {
      "x": 84,
      "y": 76,
      "width": 352,
      "height": 368
    },
    "offset": {
      "x": 0,
      "y": 0
    },
    "originalSize": {
      "width": 520,
      "height": 520
    },
    "rotated": false,
    "capInsets": [
      0,
      0,
      0,
      0
    ],
    "vertices": {
      "rawPosition": [
        -176,
        -184,
        0,
        176,
        -184,
        0,
        -176,
        184,
        0,
        176,
        184,
        0
      ],
      "indexes": [
        0,
        1,
        2,
        2,
        1,
        3
      ],
      "uv": [
        84,
        444,
        436,
        444,
        84,
        76,
        436,
        76
      ],
      "nuv": [
        0.16153846153846155,
        0.14615384615384616,
        0.8384615384615385,
        0.14615384615384616,
        0.16153846153846155,
        0.8538461538461538,
        0.8384615384615385,
        0.8538461538461538
      ],
      "minPos": {
        "x": -176,
        "y": -184,
        "z": 0
      },
      "maxPos": {
        "x": 176,
        "y": 184,
        "z": 0
      }
    },
    "texture": "80c5b83b-8d37-4ddc-aa6b-5f0f3c3599c7@6c48a",
    "packable": true,
    "pixelsToUnit": 100,
    "pivot": {
      "x": 0.5,
      "y": 0.5
    },
    "meshType": 0
  }
}