{
  "__type__": "cc.SpriteFrame",
  "content": {
    "name": "T_dig_15",
    "atlas": "",
    "rect": {
      "x": 7,
      "y": 148,
      "width": 308,
      "height": 369
    },
    "offset": {
      "x": -159.5,
      "y": -74
    },
    "originalSize": {
      "width": 641,
      "height": 517
    },
    "rotated": false,
    "capInsets": [
      0,
      0,
      0,
      0
    ],
    "vertices": {
      "rawPosition": [
        -154,
        -184.5,
        0,
        154,
        -184.5,
        0,
        -154,
        184.5,
        0,
        154,
        184.5,
        0
      ],
      "indexes": [
        0,
        1,
        2,
        2,
        1,
        3
      ],
      "uv": [
        7,
        369,
        315,
        369,
        7,
        0,
        315,
        0
      ],
      "nuv": [
        0.0109204368174727,
        0,
        0.4914196567862715,
        0,
        0.0109204368174727,
        0.7137330754352031,
        0.4914196567862715,
        0.7137330754352031
      ],
      "minPos": {
        "x": -154,
        "y": -184.5,
        "z": 0
      },
      "maxPos": {
        "x": 154,
        "y": 184.5,
        "z": 0
      }
    },
    "texture": "80e3b72e-3414-490c-91e4-e1b08fc3fa6a@6c48a",
    "packable": true,
    "pixelsToUnit": 100,
    "pivot": {
      "x": 0.5,
      "y": 0.5
    },
    "meshType": 0
  }
}