{
  "__type__": "cc.SpriteFrame",
  "content": {
    "name": "Frame 427322249",
    "atlas": "",
    "rect": {
      "x": 0,
      "y": 5,
      "width": 99,
      "height": 147
    },
    "offset": {
      "x": 0,
      "y": 0.5
    },
    "originalSize": {
      "width": 99,
      "height": 158
    },
    "rotated": false,
    "capInsets": [
      0,
      0,
      0,
      0
    ],
    "vertices": {
      "rawPosition": [
        -49.5,
        -73.5,
        0,
        49.5,
        -73.5,
        0,
        -49.5,
        73.5,
        0,
        49.5,
        73.5,
        0
      ],
      "indexes": [
        0,
        1,
        2,
        2,
        1,
        3
      ],
      "uv": [
        0,
        153,
        99,
        153,
        0,
        6,
        99,
        6
      ],
      "nuv": [
        0,
        0.0379746835443038,
        1,
        0.0379746835443038,
        0,
        0.9683544303797469,
        1,
        0.9683544303797469
      ],
      "minPos": {
        "x": -49.5,
        "y": -73.5,
        "z": 0
      },
      "maxPos": {
        "x": 49.5,
        "y": 73.5,
        "z": 0
      }
    },
    "texture": "80f3d0e1-b6ae-4c66-9f15-4c24e020943c@6c48a",
    "packable": true,
    "pixelsToUnit": 100,
    "pivot": {
      "x": 0.5,
      "y": 0.5
    },
    "meshType": 0
  }
}