{
  "__type__": "cc.SpriteFrame",
  "content": {
    "name": "Frame 427322288",
    "atlas": "",
    "rect": {
      "x": 0,
      "y": 8,
      "width": 97,
      "height": 145
    },
    "offset": {
      "x": -1,
      "y": -1.5
    },
    "originalSize": {
      "width": 99,
      "height": 158
    },
    "rotated": false,
    "capInsets": [
      0,
      0,
      0,
      0
    ],
    "vertices": {
      "rawPosition": [
        -48.5,
        -72.5,
        0,
        48.5,
        -72.5,
        0,
        -48.5,
        72.5,
        0,
        48.5,
        72.5,
        0
      ],
      "indexes": [
        0,
        1,
        2,
        2,
        1,
        3
      ],
      "uv": [
        0,
        150,
        97,
        150,
        0,
        5,
        97,
        5
      ],
      "nuv": [
        0,
        0.03164556962025317,
        0.9797979797979798,
        0.03164556962025317,
        0,
        0.9493670886075949,
        0.9797979797979798,
        0.9493670886075949
      ],
      "minPos": {
        "x": -48.5,
        "y": -72.5,
        "z": 0
      },
      "maxPos": {
        "x": 48.5,
        "y": 72.5,
        "z": 0
      }
    },
    "texture": "a954a035-acce-482f-aaaa-df8e8083c4f0@6c48a",
    "packable": true,
    "pixelsToUnit": 100,
    "pivot": {
      "x": 0.5,
      "y": 0.5
    },
    "meshType": 0
  }
}