{
  "__type__": "cc.SpriteFrame",
  "content": {
    "name": "Frame 427322254",
    "atlas": "",
    "rect": {
      "x": 0,
      "y": 4,
      "width": 99,
      "height": 148
    },
    "offset": {
      "x": 0,
      "y": 1
    },
    "originalSize": {
      "width": 99,
      "height": 158
    },
    "rotated": false,
    "capInsets": [
      0,
      0,
      0,
      0
    ],
    "vertices": {
      "rawPosition": [
        -49.5,
        -74,
        0,
        49.5,
        -74,
        0,
        -49.5,
        74,
        0,
        49.5,
        74,
        0
      ],
      "indexes": [
        0,
        1,
        2,
        2,
        1,
        3
      ],
      "uv": [
        0,
        154,
        99,
        154,
        0,
        6,
        99,
        6
      ],
      "nuv": [
        0,
        0.0379746835443038,
        1,
        0.0379746835443038,
        0,
        0.9746835443037974,
        1,
        0.9746835443037974
      ],
      "minPos": {
        "x": -49.5,
        "y": -74,
        "z": 0
      },
      "maxPos": {
        "x": 49.5,
        "y": 74,
        "z": 0
      }
    },
    "texture": "a99db67d-a6c5-4630-a69b-e3abb55e6ca2@6c48a",
    "packable": true,
    "pixelsToUnit": 100,
    "pivot": {
      "x": 0.5,
      "y": 0.5
    },
    "meshType": 0
  }
}