{
  "__type__": "cc.SpriteFrame",
  "content": {
    "name": "fight04",
    "atlas": "",
    "rect": {
      "x": 135,
      "y": 187,
      "width": 427,
      "height": 146
    },
    "offset": {
      "x": -1.5,
      "y": 0
    },
    "originalSize": {
      "width": 700,
      "height": 520
    },
    "rotated": false,
    "capInsets": [
      0,
      0,
      0,
      0
    ],
    "vertices": {
      "rawPosition": [
        -213.5,
        -73,
        0,
        213.5,
        -73,
        0,
        -213.5,
        73,
        0,
        213.5,
        73,
        0
      ],
      "indexes": [
        0,
        1,
        2,
        2,
        1,
        3
      ],
      "uv": [
        135,
        333,
        562,
        333,
        135,
        187,
        562,
        187
      ],
      "nuv": [
        0.19285714285714287,
        0.3596153846153846,
        0.8028571428571428,
        0.3596153846153846,
        0.19285714285714287,
        0.6403846153846153,
        0.8028571428571428,
        0.6403846153846153
      ],
      "minPos": {
        "x": -213.5,
        "y": -73,
        "z": 0
      },
      "maxPos": {
        "x": 213.5,
        "y": 73,
        "z": 0
      }
    },
    "texture": "15930b92-2f24-4aeb-af45-de8a1934178f@6c48a",
    "packable": true,
    "pixelsToUnit": 100,
    "pivot": {
      "x": 0.5,
      "y": 0.5
    },
    "meshType": 0
  }
}