{
  "__type__": "cc.SpriteFrame",
  "content": {
    "name": "TH09",
    "atlas": "",
    "rect": {
      "x": 149,
      "y": 124,
      "width": 298,
      "height": 312
    },
    "offset": {
      "x": 38,
      "y": -20
    },
    "originalSize": {
      "width": 520,
      "height": 520
    },
    "rotated": false,
    "capInsets": [
      0,
      0,
      0,
      0
    ],
    "vertices": {
      "rawPosition": [
        -149,
        -156,
        0,
        149,
        -156,
        0,
        -149,
        156,
        0,
        149,
        156,
        0
      ],
      "indexes": [
        0,
        1,
        2,
        2,
        1,
        3
      ],
      "uv": [
        149,
        396,
        447,
        396,
        149,
        84,
        447,
        84
      ],
      "nuv": [
        0.2865384615384615,
        0.16153846153846155,
        0.8596153846153847,
        0.16153846153846155,
        0.2865384615384615,
        0.7615384615384615,
        0.8596153846153847,
        0.7615384615384615
      ],
      "minPos": {
        "x": -149,
        "y": -156,
        "z": 0
      },
      "maxPos": {
        "x": 149,
        "y": 156,
        "z": 0
      }
    },
    "texture": "15e9469f-52b2-4218-9ebf-a0e6e6ed6b8e@6c48a",
    "packable": true,
    "pixelsToUnit": 100,
    "pivot": {
      "x": 0.5,
      "y": 0.5
    },
    "meshType": 0
  }
}