{
  "__type__": "cc.SpriteFrame",
  "content": {
    "name": "logo",
    "atlas": "",
    "rect": {
      "x": 3,
      "y": 3,
      "width": 494,
      "height": 103
    },
    "offset": {
      "x": 0,
      "y": -0.5
    },
    "originalSize": {
      "width": 500,
      "height": 108
    },
    "rotated": false,
    "capInsets": [
      0,
      0,
      0,
      0
    ],
    "vertices": {
      "rawPosition": [
        -247,
        -51.5,
        0,
        247,
        -51.5,
        0,
        -247,
        51.5,
        0,
        247,
        51.5,
        0
      ],
      "indexes": [
        0,
        1,
        2,
        2,
        1,
        3
      ],
      "uv": [
        3,
        105,
        497,
        105,
        3,
        2,
        497,
        2
      ],
      "nuv": [
        0.006,
        0.018518518518518517,
        0.994,
        0.018518518518518517,
        0.006,
        0.9722222222222222,
        0.994,
        0.9722222222222222
      ],
      "minPos": {
        "x": -247,
        "y": -51.5,
        "z": 0
      },
      "maxPos": {
        "x": 247,
        "y": 51.5,
        "z": 0
      }
    },
    "texture": "3b7df2f4-d238-4397-9499-cceb3590682e@6c48a",
    "packable": true,
    "pixelsToUnit": 100,
    "pivot": {
      "x": 0.5,
      "y": 0.5
    },
    "meshType": 0
  }
}