{
  "__type__": "cc.SpriteFrame",
  "content": {
    "name": "Elixir_Loading37",
    "atlas": "",
    "rect": {
      "x": 192,
      "y": 176,
      "width": 128,
      "height": 147
    },
    "offset": {
      "x": 0,
      "y": 6.5
    },
    "originalSize": {
      "width": 512,
      "height": 512
    },
    "rotated": false,
    "capInsets": [
      0,
      0,
      0,
      0
    ],
    "vertices": {
      "rawPosition": [
        -64,
        -73.5,
        0,
        64,
        -73.5,
        0,
        -64,
        73.5,
        0,
        64,
        73.5,
        0
      ],
      "indexes": [
        0,
        1,
        2,
        2,
        1,
        3
      ],
      "uv": [
        192,
        336,
        320,
        336,
        192,
        189,
        320,
        189
      ],
      "nuv": [
        0.375,
        0.369140625,
        0.625,
        0.369140625,
        0.375,
        0.65625,
        0.625,
        0.65625
      ],
      "minPos": {
        "x": -64,
        "y": -73.5,
        "z": 0
      },
      "maxPos": {
        "x": 64,
        "y": 73.5,
        "z": 0
      }
    },
    "texture": "1a54cead-3665-459d-98c8-a0de7343907c@6c48a",
    "packable": true,
    "pixelsToUnit": 100,
    "pivot": {
      "x": 0.5,
      "y": 0.5
    },
    "meshType": 0
  }
}