{
  "__type__": "cc.SpriteFrame",
  "content": {
    "name": "dragonWin",
    "atlas": "",
    "rect": {
      "x": 2,
      "y": 2,
      "width": 1866,
      "height": 1181
    },
    "offset": {
      "x": 0,
      "y": 0
    },
    "originalSize": {
      "width": 1870,
      "height": 1185
    },
    "rotated": false,
    "capInsets": [
      0,
      0,
      0,
      0
    ],
    "vertices": {
      "rawPosition": [
        -933,
        -590.5,
        0,
        933,
        -590.5,
        0,
        -933,
        590.5,
        0,
        933,
        590.5,
        0
      ],
      "indexes": [
        0,
        1,
        2,
        2,
        1,
        3
      ],
      "uv": [
        2,
        1183,
        1868,
        1183,
        2,
        2,
        1868,
        2
      ],
      "nuv": [
        0.0010695187165775401,
        0.0016877637130801688,
        0.9989304812834224,
        0.0016877637130801688,
        0.0010695187165775401,
        0.9983122362869198,
        0.9989304812834224,
        0.9983122362869198
      ],
      "minPos": {
        "x": -933,
        "y": -590.5,
        "z": 0
      },
      "maxPos": {
        "x": 933,
        "y": 590.5,
        "z": 0
      }
    },
    "texture": "e06f6c3f-6598-4158-9fbd-6021cd98f76c@6c48a",
    "packable": true,
    "pixelsToUnit": 100,
    "pivot": {
      "x": 0.5,
      "y": 0.5
    },
    "meshType": 0
  }
}