{
  "__type__": "cc.SpriteFrame",
  "content": {
    "name": "Host_08",
    "atlas": "",
    "rect": {
      "x": 48,
      "y": 140,
      "width": 623,
      "height": 264
    },
    "offset": {
      "x": -0.5,
      "y": -12
    },
    "originalSize": {
      "width": 720,
      "height": 520
    },
    "rotated": false,
    "capInsets": [
      0,
      0,
      0,
      0
    ],
    "vertices": {
      "rawPosition": [
        -311.5,
        -132,
        0,
        311.5,
        -132,
        0,
        -311.5,
        132,
        0,
        311.5,
        132,
        0
      ],
      "indexes": [
        0,
        1,
        2,
        2,
        1,
        3
      ],
      "uv": [
        48,
        380,
        671,
        380,
        48,
        116,
        671,
        116
      ],
      "nuv": [
        0.06666666666666667,
        0.2230769230769231,
        0.9319444444444445,
        0.2230769230769231,
        0.06666666666666667,
        0.7307692307692307,
        0.9319444444444445,
        0.7307692307692307
      ],
      "minPos": {
        "x": -311.5,
        "y": -132,
        "z": 0
      },
      "maxPos": {
        "x": 311.5,
        "y": 132,
        "z": 0
      }
    },
    "texture": "e0dfe7c7-a1dd-4dde-af2e-2b213844b951@6c48a",
    "packable": true,
    "pixelsToUnit": 100,
    "pivot": {
      "x": 0.5,
      "y": 0.5
    },
    "meshType": 0
  }
}