{
  "__type__": "cc.SpriteFrame",
  "content": {
    "name": "TH14",
    "atlas": "",
    "rect": {
      "x": 146,
      "y": 127,
      "width": 295,
      "height": 312
    },
    "offset": {
      "x": 33.5,
      "y": -23
    },
    "originalSize": {
      "width": 520,
      "height": 520
    },
    "rotated": false,
    "capInsets": [
      0,
      0,
      0,
      0
    ],
    "vertices": {
      "rawPosition": [
        -147.5,
        -156,
        0,
        147.5,
        -156,
        0,
        -147.5,
        156,
        0,
        147.5,
        156,
        0
      ],
      "indexes": [
        0,
        1,
        2,
        2,
        1,
        3
      ],
      "uv": [
        146,
        393,
        441,
        393,
        146,
        81,
        441,
        81
      ],
      "nuv": [
        0.28076923076923077,
        0.15576923076923077,
        0.8480769230769231,
        0.15576923076923077,
        0.28076923076923077,
        0.7557692307692307,
        0.8480769230769231,
        0.7557692307692307
      ],
      "minPos": {
        "x": -147.5,
        "y": -156,
        "z": 0
      },
      "maxPos": {
        "x": 147.5,
        "y": 156,
        "z": 0
      }
    },
    "texture": "11181707-0ed2-4818-a131-189a15b3e7a7@6c48a",
    "packable": true,
    "pixelsToUnit": 100,
    "pivot": {
      "x": 0.5,
      "y": 0.5
    },
    "meshType": 0
  }
}