{
  "__type__": "cc.SpriteFrame",
  "content": {
    "name": "tigerSplash",
    "atlas": "",
    "rect": {
      "x": 0,
      "y": 7,
      "width": 464,
      "height": 650
    },
    "offset": {
      "x": 0,
      "y": -3.5
    },
    "originalSize": {
      "width": 464,
      "height": 657
    },
    "rotated": false,
    "capInsets": [
      0,
      0,
      0,
      0
    ],
    "vertices": {
      "rawPosition": [
        -232,
        -325,
        0,
        232,
        -325,
        0,
        -232,
        325,
        0,
        232,
        325,
        0
      ],
      "indexes": [
        0,
        1,
        2,
        2,
        1,
        3
      ],
      "uv": [
        0,
        650,
        464,
        650,
        0,
        0,
        464,
        0
      ],
      "nuv": [
        0,
        0,
        1,
        0,
        0,
        0.989345509893455,
        1,
        0.989345509893455
      ],
      "minPos": {
        "x": -232,
        "y": -325,
        "z": 0
      },
      "maxPos": {
        "x": 232,
        "y": 325,
        "z": 0
      }
    },
    "texture": "2c01b504-028e-4c61-a5ae-4a45cd6ad741@6c48a",
    "packable": true,
    "pixelsToUnit": 100,
    "pivot": {
      "x": 0.5,
      "y": 0.5
    },
    "meshType": 0
  }
}