{
  "__type__": "cc.SpriteFrame",
  "content": {
    "name": "table 54",
    "atlas": "",
    "rect": {
      "x": 4,
      "y": 1,
      "width": 88,
      "height": 88
    },
    "offset": {
      "x": -1.5,
      "y": 0
    },
    "originalSize": {
      "width": 99,
      "height": 90
    },
    "rotated": false,
    "capInsets": [
      0,
      0,
      0,
      0
    ],
    "vertices": {
      "rawPosition": [
        -44,
        -44,
        0,
        44,
        -44,
        0,
        -44,
        44,
        0,
        44,
        44,
        0
      ],
      "indexes": [
        0,
        1,
        2,
        2,
        1,
        3
      ],
      "uv": [
        4,
        89,
        92,
        89,
        4,
        1,
        92,
        1
      ],
      "nuv": [
        0.04040404040404041,
        0.011111111111111112,
        0.9292929292929293,
        0.011111111111111112,
        0.04040404040404041,
        0.9888888888888889,
        0.9292929292929293,
        0.9888888888888889
      ],
      "minPos": {
        "x": -44,
        "y": -44,
        "z": 0
      },
      "maxPos": {
        "x": 44,
        "y": 44,
        "z": 0
      }
    },
    "texture": "97f4effc-5616-461c-8d8f-7644db9fdd3a@6c48a",
    "packable": true,
    "pixelsToUnit": 100,
    "pivot": {
      "x": 0.5,
      "y": 0.5
    },
    "meshType": 0
  }
}