{
  "__type__": "cc.SpriteFrame",
  "content": {
    "name": "SpitFire01",
    "atlas": "",
    "rect": {
      "x": 57,
      "y": 236,
      "width": 215,
      "height": 48
    },
    "offset": {
      "x": -95.5,
      "y": 0
    },
    "originalSize": {
      "width": 520,
      "height": 520
    },
    "rotated": false,
    "capInsets": [
      0,
      0,
      0,
      0
    ],
    "vertices": {
      "rawPosition": [
        -107.5,
        -24,
        0,
        107.5,
        -24,
        0,
        -107.5,
        24,
        0,
        107.5,
        24,
        0
      ],
      "indexes": [
        0,
        1,
        2,
        2,
        1,
        3
      ],
      "uv": [
        57,
        284,
        272,
        284,
        57,
        236,
        272,
        236
      ],
      "nuv": [
        0.10961538461538461,
        0.45384615384615384,
        0.5230769230769231,
        0.45384615384615384,
        0.10961538461538461,
        0.5461538461538461,
        0.5230769230769231,
        0.5461538461538461
      ],
      "minPos": {
        "x": -107.5,
        "y": -24,
        "z": 0
      },
      "maxPos": {
        "x": 107.5,
        "y": 24,
        "z": 0
      }
    },
    "texture": "e23a99e5-382b-4444-8726-0eebfe5c69ea@6c48a",
    "packable": true,
    "pixelsToUnit": 100,
    "pivot": {
      "x": 0.5,
      "y": 0.5
    },
    "meshType": 0
  }
}