{
  "__type__": "cc.SpriteFrame",
  "content": {
    "name": "Frame 427322278",
    "atlas": "",
    "rect": {
      "x": 0,
      "y": 5,
      "width": 98,
      "height": 147
    },
    "offset": {
      "x": -0.5,
      "y": 0.5
    },
    "originalSize": {
      "width": 99,
      "height": 158
    },
    "rotated": false,
    "capInsets": [
      0,
      0,
      0,
      0
    ],
    "vertices": {
      "rawPosition": [
        -49,
        -73.5,
        0,
        49,
        -73.5,
        0,
        -49,
        73.5,
        0,
        49,
        73.5,
        0
      ],
      "indexes": [
        0,
        1,
        2,
        2,
        1,
        3
      ],
      "uv": [
        0,
        153,
        98,
        153,
        0,
        6,
        98,
        6
      ],
      "nuv": [
        0,
        0.0379746835443038,
        0.98989898989899,
        0.0379746835443038,
        0,
        0.9683544303797469,
        0.98989898989899,
        0.9683544303797469
      ],
      "minPos": {
        "x": -49,
        "y": -73.5,
        "z": 0
      },
      "maxPos": {
        "x": 49,
        "y": 73.5,
        "z": 0
      }
    },
    "texture": "20340600-5d66-4cf9-bc80-fab7a9dea4f8@6c48a",
    "packable": true,
    "pixelsToUnit": 100,
    "pivot": {
      "x": 0.5,
      "y": 0.5
    },
    "meshType": 0
  }
}