{
  "__type__": "cc.SpriteFrame",
  "content": {
    "name": "fight07",
    "atlas": "",
    "rect": {
      "x": 137,
      "y": 187,
      "width": 426,
      "height": 146
    },
    "offset": {
      "x": 0,
      "y": 0
    },
    "originalSize": {
      "width": 700,
      "height": 520
    },
    "rotated": false,
    "capInsets": [
      0,
      0,
      0,
      0
    ],
    "vertices": {
      "rawPosition": [
        -213,
        -73,
        0,
        213,
        -73,
        0,
        -213,
        73,
        0,
        213,
        73,
        0
      ],
      "indexes": [
        0,
        1,
        2,
        2,
        1,
        3
      ],
      "uv": [
        137,
        333,
        563,
        333,
        137,
        187,
        563,
        187
      ],
      "nuv": [
        0.1957142857142857,
        0.3596153846153846,
        0.8042857142857143,
        0.3596153846153846,
        0.1957142857142857,
        0.6403846153846153,
        0.8042857142857143,
        0.6403846153846153
      ],
      "minPos": {
        "x": -213,
        "y": -73,
        "z": 0
      },
      "maxPos": {
        "x": 213,
        "y": 73,
        "z": 0
      }
    },
    "texture": "2039752c-166a-45dd-a5bf-2a384a9d4a26@6c48a",
    "packable": true,
    "pixelsToUnit": 100,
    "pivot": {
      "x": 0.5,
      "y": 0.5
    },
    "meshType": 0
  }
}