{
  "__type__": "cc.SpriteFrame",
  "content": {
    "name": "Dr_B_27",
    "atlas": "",
    "rect": {
      "x": 79,
      "y": 79,
      "width": 368,
      "height": 375
    },
    "offset": {
      "x": 3,
      "y": -6.5
    },
    "originalSize": {
      "width": 520,
      "height": 520
    },
    "rotated": false,
    "capInsets": [
      0,
      0,
      0,
      0
    ],
    "vertices": {
      "rawPosition": [
        -184,
        -187.5,
        0,
        184,
        -187.5,
        0,
        -184,
        187.5,
        0,
        184,
        187.5,
        0
      ],
      "indexes": [
        0,
        1,
        2,
        2,
        1,
        3
      ],
      "uv": [
        79,
        441,
        447,
        441,
        79,
        66,
        447,
        66
      ],
      "nuv": [
        0.1519230769230769,
        0.12692307692307692,
        0.8596153846153847,
        0.12692307692307692,
        0.1519230769230769,
        0.8480769230769231,
        0.8596153846153847,
        0.8480769230769231
      ],
      "minPos": {
        "x": -184,
        "y": -187.5,
        "z": 0
      },
      "maxPos": {
        "x": 184,
        "y": 187.5,
        "z": 0
      }
    },
    "texture": "20576290-67c5-45d8-9d2f-39634efd10e4@6c48a",
    "packable": true,
    "pixelsToUnit": 100,
    "pivot": {
      "x": 0.5,
      "y": 0.5
    },
    "meshType": 0
  }
}