{
  "__type__": "cc.SpriteFrame",
  "content": {
    "name": "T_dig_04",
    "atlas": "",
    "rect": {
      "x": 244,
      "y": 203,
      "width": 397,
      "height": 287
    },
    "offset": {
      "x": 122,
      "y": -88
    },
    "originalSize": {
      "width": 641,
      "height": 517
    },
    "rotated": false,
    "capInsets": [
      0,
      0,
      0,
      0
    ],
    "vertices": {
      "rawPosition": [
        -198.5,
        -143.5,
        0,
        198.5,
        -143.5,
        0,
        -198.5,
        143.5,
        0,
        198.5,
        143.5,
        0
      ],
      "indexes": [
        0,
        1,
        2,
        2,
        1,
        3
      ],
      "uv": [
        244,
        314,
        641,
        314,
        244,
        27,
        641,
        27
      ],
      "nuv": [
        0.38065522620904835,
        0.05222437137330754,
        1,
        0.05222437137330754,
        0.38065522620904835,
        0.6073500967117988,
        1,
        0.6073500967117988
      ],
      "minPos": {
        "x": -198.5,
        "y": -143.5,
        "z": 0
      },
      "maxPos": {
        "x": 198.5,
        "y": 143.5,
        "z": 0
      }
    },
    "texture": "dd0429d1-542b-41ac-8970-13c4cc18368c@6c48a",
    "packable": true,
    "pixelsToUnit": 100,
    "pivot": {
      "x": 0.5,
      "y": 0.5
    },
    "meshType": 0
  }
}