{
  "__type__": "cc.SpriteFrame",
  "content": {
    "name": "Dr_B_17",
    "atlas": "",
    "rect": {
      "x": 53,
      "y": 50,
      "width": 399,
      "height": 356
    },
    "offset": {
      "x": -7.5,
      "y": 32
    },
    "originalSize": {
      "width": 520,
      "height": 520
    },
    "rotated": false,
    "capInsets": [
      0,
      0,
      0,
      0
    ],
    "vertices": {
      "rawPosition": [
        -199.5,
        -178,
        0,
        199.5,
        -178,
        0,
        -199.5,
        178,
        0,
        199.5,
        178,
        0
      ],
      "indexes": [
        0,
        1,
        2,
        2,
        1,
        3
      ],
      "uv": [
        53,
        470,
        452,
        470,
        53,
        114,
        452,
        114
      ],
      "nuv": [
        0.10192307692307692,
        0.21923076923076923,
        0.8692307692307693,
        0.21923076923076923,
        0.10192307692307692,
        0.9038461538461539,
        0.8692307692307693,
        0.9038461538461539
      ],
      "minPos": {
        "x": -199.5,
        "y": -178,
        "z": 0
      },
      "maxPos": {
        "x": 199.5,
        "y": 178,
        "z": 0
      }
    },
    "texture": "84cd54be-d662-46ed-b2b9-6b536232e1e5@6c48a",
    "packable": true,
    "pixelsToUnit": 100,
    "pivot": {
      "x": 0.5,
      "y": 0.5
    },
    "meshType": 0
  }
}