{
  "__type__": "cc.SpriteFrame",
  "content": {
    "name": "TH17",
    "atlas": "",
    "rect": {
      "x": 126,
      "y": 114,
      "width": 296,
      "height": 327
    },
    "offset": {
      "x": 14,
      "y": -17.5
    },
    "originalSize": {
      "width": 520,
      "height": 520
    },
    "rotated": false,
    "capInsets": [
      0,
      0,
      0,
      0
    ],
    "vertices": {
      "rawPosition": [
        -148,
        -163.5,
        0,
        148,
        -163.5,
        0,
        -148,
        163.5,
        0,
        148,
        163.5,
        0
      ],
      "indexes": [
        0,
        1,
        2,
        2,
        1,
        3
      ],
      "uv": [
        126,
        406,
        422,
        406,
        126,
        79,
        422,
        79
      ],
      "nuv": [
        0.2423076923076923,
        0.1519230769230769,
        0.8115384615384615,
        0.1519230769230769,
        0.2423076923076923,
        0.7807692307692308,
        0.8115384615384615,
        0.7807692307692308
      ],
      "minPos": {
        "x": -148,
        "y": -163.5,
        "z": 0
      },
      "maxPos": {
        "x": 148,
        "y": 163.5,
        "z": 0
      }
    },
    "texture": "db76030b-b536-4d17-87d3-4bc3719b7b52@6c48a",
    "packable": true,
    "pixelsToUnit": 100,
    "pivot": {
      "x": 0.5,
      "y": 0.5
    },
    "meshType": 0
  }
}