{
  "__type__": "cc.SpriteFrame",
  "content": {
    "name": "Elixir_Loading38",
    "atlas": "",
    "rect": {
      "x": 195,
      "y": 179,
      "width": 122,
      "height": 140
    },
    "offset": {
      "x": 0,
      "y": 7
    },
    "originalSize": {
      "width": 512,
      "height": 512
    },
    "rotated": false,
    "capInsets": [
      0,
      0,
      0,
      0
    ],
    "vertices": {
      "rawPosition": [
        -61,
        -70,
        0,
        61,
        -70,
        0,
        -61,
        70,
        0,
        61,
        70,
        0
      ],
      "indexes": [
        0,
        1,
        2,
        2,
        1,
        3
      ],
      "uv": [
        195,
        333,
        317,
        333,
        195,
        193,
        317,
        193
      ],
      "nuv": [
        0.380859375,
        0.376953125,
        0.619140625,
        0.376953125,
        0.380859375,
        0.650390625,
        0.619140625,
        0.650390625
      ],
      "minPos": {
        "x": -61,
        "y": -70,
        "z": 0
      },
      "maxPos": {
        "x": 61,
        "y": 70,
        "z": 0
      }
    },
    "texture": "37408937-9100-4a49-82f3-956080e8a1fb@6c48a",
    "packable": true,
    "pixelsToUnit": 100,
    "pivot": {
      "x": 0.5,
      "y": 0.5
    },
    "meshType": 0
  }
}