{
  "__type__": "cc.SpriteFrame",
  "content": {
    "name": "Frame 427322298",
    "atlas": "",
    "rect": {
      "x": 3,
      "y": 7,
      "width": 96,
      "height": 145
    },
    "offset": {
      "x": 1.5,
      "y": -0.5
    },
    "originalSize": {
      "width": 99,
      "height": 158
    },
    "rotated": false,
    "capInsets": [
      0,
      0,
      0,
      0
    ],
    "vertices": {
      "rawPosition": [
        -48,
        -72.5,
        0,
        48,
        -72.5,
        0,
        -48,
        72.5,
        0,
        48,
        72.5,
        0
      ],
      "indexes": [
        0,
        1,
        2,
        2,
        1,
        3
      ],
      "uv": [
        3,
        151,
        99,
        151,
        3,
        6,
        99,
        6
      ],
      "nuv": [
        0.030303030303030304,
        0.0379746835443038,
        1,
        0.0379746835443038,
        0.030303030303030304,
        0.9556962025316456,
        1,
        0.9556962025316456
      ],
      "minPos": {
        "x": -48,
        "y": -72.5,
        "z": 0
      },
      "maxPos": {
        "x": 48,
        "y": 72.5,
        "z": 0
      }
    },
    "texture": "8c131467-43a3-41ec-a4e3-07649c71907c@6c48a",
    "packable": true,
    "pixelsToUnit": 100,
    "pivot": {
      "x": 0.5,
      "y": 0.5
    },
    "meshType": 0
  }
}