{
  "__type__": "cc.SpriteFrame",
  "content": {
    "name": "T_Slash_08",
    "atlas": "",
    "rect": {
      "x": 224,
      "y": 382,
      "width": 310,
      "height": 151
    },
    "offset": {
      "x": 69,
      "y": -147.5
    },
    "originalSize": {
      "width": 620,
      "height": 620
    },
    "rotated": false,
    "capInsets": [
      0,
      0,
      0,
      0
    ],
    "vertices": {
      "rawPosition": [
        -155,
        -75.5,
        0,
        155,
        -75.5,
        0,
        -155,
        75.5,
        0,
        155,
        75.5,
        0
      ],
      "indexes": [
        0,
        1,
        2,
        2,
        1,
        3
      ],
      "uv": [
        224,
        238,
        534,
        238,
        224,
        87,
        534,
        87
      ],
      "nuv": [
        0.36129032258064514,
        0.1403225806451613,
        0.8612903225806452,
        0.1403225806451613,
        0.36129032258064514,
        0.38387096774193546,
        0.8612903225806452,
        0.38387096774193546
      ],
      "minPos": {
        "x": -155,
        "y": -75.5,
        "z": 0
      },
      "maxPos": {
        "x": 155,
        "y": 75.5,
        "z": 0
      }
    },
    "texture": "8c5ea15a-d00a-4009-ac46-251b9f7d56ba@6c48a",
    "packable": true,
    "pixelsToUnit": 100,
    "pivot": {
      "x": 0.5,
      "y": 0.5
    },
    "meshType": 0
  }
}