{
  "__type__": "cc.SpriteFrame",
  "content": {
    "name": "Elixir_Loading46",
    "atlas": "",
    "rect": {
      "x": 212,
      "y": 196,
      "width": 88,
      "height": 106
    },
    "offset": {
      "x": 0,
      "y": 7
    },
    "originalSize": {
      "width": 512,
      "height": 512
    },
    "rotated": false,
    "capInsets": [
      0,
      0,
      0,
      0
    ],
    "vertices": {
      "rawPosition": [
        -44,
        -53,
        0,
        44,
        -53,
        0,
        -44,
        53,
        0,
        44,
        53,
        0
      ],
      "indexes": [
        0,
        1,
        2,
        2,
        1,
        3
      ],
      "uv": [
        212,
        316,
        300,
        316,
        212,
        210,
        300,
        210
      ],
      "nuv": [
        0.4140625,
        0.41015625,
        0.5859375,
        0.41015625,
        0.4140625,
        0.6171875,
        0.5859375,
        0.6171875
      ],
      "minPos": {
        "x": -44,
        "y": -53,
        "z": 0
      },
      "maxPos": {
        "x": 44,
        "y": 53,
        "z": 0
      }
    },
    "texture": "0925dfdd-29df-4494-8fdc-f03dd5cf47f4@6c48a",
    "packable": true,
    "pixelsToUnit": 100,
    "pivot": {
      "x": 0.5,
      "y": 0.5
    },
    "meshType": 0
  }
}