{
  "__type__": "cc.SpriteFrame",
  "content": {
    "name": "T_dig_12",
    "atlas": "",
    "rect": {
      "x": 70,
      "y": 35,
      "width": 401,
      "height": 379
    },
    "offset": {
      "x": -50,
      "y": 34
    },
    "originalSize": {
      "width": 641,
      "height": 517
    },
    "rotated": false,
    "capInsets": [
      0,
      0,
      0,
      0
    ],
    "vertices": {
      "rawPosition": [
        -200.5,
        -189.5,
        0,
        200.5,
        -189.5,
        0,
        -200.5,
        189.5,
        0,
        200.5,
        189.5,
        0
      ],
      "indexes": [
        0,
        1,
        2,
        2,
        1,
        3
      ],
      "uv": [
        70,
        482,
        471,
        482,
        70,
        103,
        471,
        103
      ],
      "nuv": [
        0.10920436817472699,
        0.19922630560928434,
        0.734789391575663,
        0.19922630560928434,
        0.10920436817472699,
        0.9323017408123792,
        0.734789391575663,
        0.9323017408123792
      ],
      "minPos": {
        "x": -200.5,
        "y": -189.5,
        "z": 0
      },
      "maxPos": {
        "x": 200.5,
        "y": 189.5,
        "z": 0
      }
    },
    "texture": "653dfcd2-1553-451c-9cce-b2f4ae03f788@6c48a",
    "packable": true,
    "pixelsToUnit": 100,
    "pivot": {
      "x": 0.5,
      "y": 0.5
    },
    "meshType": 0
  }
}