{
  "__type__": "cc.SpriteFrame",
  "content": {
    "name": "SpitFire03",
    "atlas": "",
    "rect": {
      "x": 51,
      "y": 199,
      "width": 440,
      "height": 122
    },
    "offset": {
      "x": 11,
      "y": 0
    },
    "originalSize": {
      "width": 520,
      "height": 520
    },
    "rotated": false,
    "capInsets": [
      0,
      0,
      0,
      0
    ],
    "vertices": {
      "rawPosition": [
        -220,
        -61,
        0,
        220,
        -61,
        0,
        -220,
        61,
        0,
        220,
        61,
        0
      ],
      "indexes": [
        0,
        1,
        2,
        2,
        1,
        3
      ],
      "uv": [
        51,
        321,
        491,
        321,
        51,
        199,
        491,
        199
      ],
      "nuv": [
        0.09807692307692308,
        0.38269230769230766,
        0.9442307692307692,
        0.38269230769230766,
        0.09807692307692308,
        0.6173076923076923,
        0.9442307692307692,
        0.6173076923076923
      ],
      "minPos": {
        "x": -220,
        "y": -61,
        "z": 0
      },
      "maxPos": {
        "x": 220,
        "y": 61,
        "z": 0
      }
    },
    "texture": "d8b83fec-6f52-4b2e-8149-7a84d6e3de92@6c48a",
    "packable": true,
    "pixelsToUnit": 100,
    "pivot": {
      "x": 0.5,
      "y": 0.5
    },
    "meshType": 0
  }
}