{
  "__type__": "cc.SpriteFrame",
  "content": {
    "name": "Dr_B_26",
    "atlas": "",
    "rect": {
      "x": 44,
      "y": 78,
      "width": 398,
      "height": 377
    },
    "offset": {
      "x": -17,
      "y": -6.5
    },
    "originalSize": {
      "width": 520,
      "height": 520
    },
    "rotated": false,
    "capInsets": [
      0,
      0,
      0,
      0
    ],
    "vertices": {
      "rawPosition": [
        -199,
        -188.5,
        0,
        199,
        -188.5,
        0,
        -199,
        188.5,
        0,
        199,
        188.5,
        0
      ],
      "indexes": [
        0,
        1,
        2,
        2,
        1,
        3
      ],
      "uv": [
        44,
        442,
        442,
        442,
        44,
        65,
        442,
        65
      ],
      "nuv": [
        0.08461538461538462,
        0.125,
        0.85,
        0.125,
        0.08461538461538462,
        0.85,
        0.85,
        0.85
      ],
      "minPos": {
        "x": -199,
        "y": -188.5,
        "z": 0
      },
      "maxPos": {
        "x": 199,
        "y": 188.5,
        "z": 0
      }
    },
    "texture": "724f59e9-ef88-42c2-ba10-536c2307c149@6c48a",
    "packable": true,
    "pixelsToUnit": 100,
    "pivot": {
      "x": 0.5,
      "y": 0.5
    },
    "meshType": 0
  }
}