{
  "__type__": "cc.SpriteFrame",
  "content": {
    "name": "fight16",
    "atlas": "",
    "rect": {
      "x": 699,
      "y": 519,
      "width": 1,
      "height": 1
    },
    "offset": {
      "x": 349.5,
      "y": -259.5
    },
    "originalSize": {
      "width": 700,
      "height": 520
    },
    "rotated": false,
    "capInsets": [
      0,
      0,
      0,
      0
    ],
    "vertices": {
      "rawPosition": [
        -0.5,
        -0.5,
        0,
        0.5,
        -0.5,
        0,
        -0.5,
        0.5,
        0,
        0.5,
        0.5,
        0
      ],
      "indexes": [
        0,
        1,
        2,
        2,
        1,
        3
      ],
      "uv": [
        699,
        1,
        700,
        1,
        699,
        0,
        700,
        0
      ],
      "nuv": [
        0.9985714285714286,
        0,
        1,
        0,
        0.9985714285714286,
        0.0019230769230769232,
        1,
        0.0019230769230769232
      ],
      "minPos": {
        "x": -0.5,
        "y": -0.5,
        "z": 0
      },
      "maxPos": {
        "x": 0.5,
        "y": 0.5,
        "z": 0
      }
    },
    "texture": "5501e4cd-3150-4b0f-b4b1-ef35e01ba9ab@6c48a",
    "packable": true,
    "pixelsToUnit": 100,
    "pivot": {
      "x": 0.5,
      "y": 0.5
    },
    "meshType": 0
  }
}