{
  "__type__": "cc.SpriteFrame",
  "content": {
    "name": "avatarSquare",
    "atlas": "",
    "rect": {
      "x": 16,
      "y": 9,
      "width": 132,
      "height": 132
    },
    "offset": {
      "x": 1,
      "y": 1.5
    },
    "originalSize": {
      "width": 162,
      "height": 153
    },
    "rotated": false,
    "capInsets": [
      0,
      0,
      0,
      0
    ],
    "vertices": {
      "rawPosition": [
        -66,
        -66,
        0,
        66,
        -66,
        0,
        -66,
        66,
        0,
        66,
        66,
        0
      ],
      "indexes": [
        0,
        1,
        2,
        2,
        1,
        3
      ],
      "uv": [
        16,
        144,
        148,
        144,
        16,
        12,
        148,
        12
      ],
      "nuv": [
        0.09876543209876543,
        0.0784313725490196,
        0.9135802469135802,
        0.0784313725490196,
        0.09876543209876543,
        0.9411764705882353,
        0.9135802469135802,
        0.9411764705882353
      ],
      "minPos": {
        "x": -66,
        "y": -66,
        "z": 0
      },
      "maxPos": {
        "x": 66,
        "y": 66,
        "z": 0
      }
    },
    "texture": "414af1f6-327c-4489-93f2-3d2e3755bcb2@6c48a",
    "packable": true,
    "pixelsToUnit": 100,
    "pivot": {
      "x": 0.5,
      "y": 0.5
    },
    "meshType": 0
  }
}