{
  "__type__": "cc.SpriteFrame",
  "content": {
    "name": "T_dig_07",
    "atlas": "",
    "rect": {
      "x": 216,
      "y": 35,
      "width": 395,
      "height": 396
    },
    "offset": {
      "x": 93,
      "y": 25.5
    },
    "originalSize": {
      "width": 641,
      "height": 517
    },
    "rotated": false,
    "capInsets": [
      0,
      0,
      0,
      0
    ],
    "vertices": {
      "rawPosition": [
        -197.5,
        -198,
        0,
        197.5,
        -198,
        0,
        -197.5,
        198,
        0,
        197.5,
        198,
        0
      ],
      "indexes": [
        0,
        1,
        2,
        2,
        1,
        3
      ],
      "uv": [
        216,
        482,
        611,
        482,
        216,
        86,
        611,
        86
      ],
      "nuv": [
        0.3369734789391576,
        0.16634429400386846,
        0.953198127925117,
        0.16634429400386846,
        0.3369734789391576,
        0.9323017408123792,
        0.953198127925117,
        0.9323017408123792
      ],
      "minPos": {
        "x": -197.5,
        "y": -198,
        "z": 0
      },
      "maxPos": {
        "x": 197.5,
        "y": 198,
        "z": 0
      }
    },
    "texture": "1eabde20-4a2b-4f6e-a6fa-ee87e0fd99df@6c48a",
    "packable": true,
    "pixelsToUnit": 100,
    "pivot": {
      "x": 0.5,
      "y": 0.5
    },
    "meshType": 0
  }
}