{
  "__type__": "cc.SpriteFrame",
  "content": {
    "name": "Frame 427322267",
    "atlas": "",
    "rect": {
      "x": 0,
      "y": 3,
      "width": 99,
      "height": 148
    },
    "offset": {
      "x": 0,
      "y": 2
    },
    "originalSize": {
      "width": 99,
      "height": 158
    },
    "rotated": false,
    "capInsets": [
      0,
      0,
      0,
      0
    ],
    "vertices": {
      "rawPosition": [
        -49.5,
        -74,
        0,
        49.5,
        -74,
        0,
        -49.5,
        74,
        0,
        49.5,
        74,
        0
      ],
      "indexes": [
        0,
        1,
        2,
        2,
        1,
        3
      ],
      "uv": [
        0,
        155,
        99,
        155,
        0,
        7,
        99,
        7
      ],
      "nuv": [
        0,
        0.04430379746835443,
        1,
        0.04430379746835443,
        0,
        0.9810126582278481,
        1,
        0.9810126582278481
      ],
      "minPos": {
        "x": -49.5,
        "y": -74,
        "z": 0
      },
      "maxPos": {
        "x": 49.5,
        "y": 74,
        "z": 0
      }
    },
    "texture": "24583c10-8c3f-4e59-aa22-fbaa937a61f4@6c48a",
    "packable": true,
    "pixelsToUnit": 100,
    "pivot": {
      "x": 0.5,
      "y": 0.5
    },
    "meshType": 0
  }
}