{
  "__type__": "cc.SpriteFrame",
  "content": {
    "name": "An",
    "atlas": "",
    "rect": {
      "x": 2,
      "y": 2,
      "width": 252,
      "height": 819
    },
    "offset": {
      "x": 0,
      "y": 0
    },
    "originalSize": {
      "width": 256,
      "height": 823
    },
    "rotated": false,
    "capInsets": [
      0,
      0,
      0,
      0
    ],
    "vertices": {
      "rawPosition": [
        -126,
        -409.5,
        0,
        126,
        -409.5,
        0,
        -126,
        409.5,
        0,
        126,
        409.5,
        0
      ],
      "indexes": [
        0,
        1,
        2,
        2,
        1,
        3
      ],
      "uv": [
        2,
        821,
        254,
        821,
        2,
        2,
        254,
        2
      ],
      "nuv": [
        0.0078125,
        0.002430133657351154,
        0.9921875,
        0.002430133657351154,
        0.0078125,
        0.9975698663426489,
        0.9921875,
        0.9975698663426489
      ],
      "minPos": {
        "x": -126,
        "y": -409.5,
        "z": 0
      },
      "maxPos": {
        "x": 126,
        "y": 409.5,
        "z": 0
      }
    },
    "texture": "24943795-c686-488b-b930-0ba009f590ec@6c48a",
    "packable": true,
    "pixelsToUnit": 100,
    "pivot": {
      "x": 0.5,
      "y": 0.5
    },
    "meshType": 0
  }
}