{
  "__type__": "cc.SpriteFrame",
  "content": {
    "name": "Host_02",
    "atlas": "",
    "rect": {
      "x": 193,
      "y": 201,
      "width": 334,
      "height": 141
    },
    "offset": {
      "x": 0,
      "y": -11.5
    },
    "originalSize": {
      "width": 720,
      "height": 520
    },
    "rotated": false,
    "capInsets": [
      0,
      0,
      0,
      0
    ],
    "vertices": {
      "rawPosition": [
        -167,
        -70.5,
        0,
        167,
        -70.5,
        0,
        -167,
        70.5,
        0,
        167,
        70.5,
        0
      ],
      "indexes": [
        0,
        1,
        2,
        2,
        1,
        3
      ],
      "uv": [
        193,
        319,
        527,
        319,
        193,
        178,
        527,
        178
      ],
      "nuv": [
        0.26805555555555555,
        0.3423076923076923,
        0.7319444444444444,
        0.3423076923076923,
        0.26805555555555555,
        0.6134615384615385,
        0.7319444444444444,
        0.6134615384615385
      ],
      "minPos": {
        "x": -167,
        "y": -70.5,
        "z": 0
      },
      "maxPos": {
        "x": 167,
        "y": 70.5,
        "z": 0
      }
    },
    "texture": "b1ee8a06-9f9f-470d-942f-2da267f16d89@6c48a",
    "packable": true,
    "pixelsToUnit": 100,
    "pivot": {
      "x": 0.5,
      "y": 0.5
    },
    "meshType": 0
  }
}