{
  "__type__": "cc.SpriteFrame",
  "content": {
    "name": "Frame 427322277",
    "atlas": "",
    "rect": {
      "x": 0,
      "y": 4,
      "width": 99,
      "height": 149
    },
    "offset": {
      "x": 0,
      "y": 0.5
    },
    "originalSize": {
      "width": 99,
      "height": 158
    },
    "rotated": false,
    "capInsets": [
      0,
      0,
      0,
      0
    ],
    "vertices": {
      "rawPosition": [
        -49.5,
        -74.5,
        0,
        49.5,
        -74.5,
        0,
        -49.5,
        74.5,
        0,
        49.5,
        74.5,
        0
      ],
      "indexes": [
        0,
        1,
        2,
        2,
        1,
        3
      ],
      "uv": [
        0,
        154,
        99,
        154,
        0,
        5,
        99,
        5
      ],
      "nuv": [
        0,
        0.03164556962025317,
        1,
        0.03164556962025317,
        0,
        0.9746835443037974,
        1,
        0.9746835443037974
      ],
      "minPos": {
        "x": -49.5,
        "y": -74.5,
        "z": 0
      },
      "maxPos": {
        "x": 49.5,
        "y": 74.5,
        "z": 0
      }
    },
    "texture": "5d91a57e-0e38-40c5-82b6-950ccc1f3fc2@6c48a",
    "packable": true,
    "pixelsToUnit": 100,
    "pivot": {
      "x": 0.5,
      "y": 0.5
    },
    "meshType": 0
  }
}