{
  "__type__": "cc.SpriteFrame",
  "content": {
    "name": "SpitFire04",
    "atlas": "",
    "rect": {
      "x": 61,
      "y": 186,
      "width": 433,
      "height": 148
    },
    "offset": {
      "x": 17.5,
      "y": 0
    },
    "originalSize": {
      "width": 520,
      "height": 520
    },
    "rotated": false,
    "capInsets": [
      0,
      0,
      0,
      0
    ],
    "vertices": {
      "rawPosition": [
        -216.5,
        -74,
        0,
        216.5,
        -74,
        0,
        -216.5,
        74,
        0,
        216.5,
        74,
        0
      ],
      "indexes": [
        0,
        1,
        2,
        2,
        1,
        3
      ],
      "uv": [
        61,
        334,
        494,
        334,
        61,
        186,
        494,
        186
      ],
      "nuv": [
        0.11730769230769231,
        0.3576923076923077,
        0.95,
        0.3576923076923077,
        0.11730769230769231,
        0.6423076923076924,
        0.95,
        0.6423076923076924
      ],
      "minPos": {
        "x": -216.5,
        "y": -74,
        "z": 0
      },
      "maxPos": {
        "x": 216.5,
        "y": 74,
        "z": 0
      }
    },
    "texture": "9948d854-9df8-4a2c-8b08-31e39accd725@6c48a",
    "packable": true,
    "pixelsToUnit": 100,
    "pivot": {
      "x": 0.5,
      "y": 0.5
    },
    "meshType": 0
  }
}