{
  "__type__": "cc.SpriteFrame",
  "content": {
    "name": "Elixir_Loading42",
    "atlas": "",
    "rect": {
      "x": 210,
      "y": 194,
      "width": 92,
      "height": 110
    },
    "offset": {
      "x": 0,
      "y": 7
    },
    "originalSize": {
      "width": 512,
      "height": 512
    },
    "rotated": false,
    "capInsets": [
      0,
      0,
      0,
      0
    ],
    "vertices": {
      "rawPosition": [
        -46,
        -55,
        0,
        46,
        -55,
        0,
        -46,
        55,
        0,
        46,
        55,
        0
      ],
      "indexes": [
        0,
        1,
        2,
        2,
        1,
        3
      ],
      "uv": [
        210,
        318,
        302,
        318,
        210,
        208,
        302,
        208
      ],
      "nuv": [
        0.41015625,
        0.40625,
        0.58984375,
        0.40625,
        0.41015625,
        0.62109375,
        0.58984375,
        0.62109375
      ],
      "minPos": {
        "x": -46,
        "y": -55,
        "z": 0
      },
      "maxPos": {
        "x": 46,
        "y": 55,
        "z": 0
      }
    },
    "texture": "cb1d8aa0-4b45-4da9-ac7f-0346f6cc29ff@6c48a",
    "packable": true,
    "pixelsToUnit": 100,
    "pivot": {
      "x": 0.5,
      "y": 0.5
    },
    "meshType": 0
  }
}