{
  "__type__": "cc.SpriteFrame",
  "content": {
    "name": "T_dig_06",
    "atlas": "",
    "rect": {
      "x": 244,
      "y": 169,
      "width": 372,
      "height": 294
    },
    "offset": {
      "x": 109.5,
      "y": -57.5
    },
    "originalSize": {
      "width": 641,
      "height": 517
    },
    "rotated": false,
    "capInsets": [
      0,
      0,
      0,
      0
    ],
    "vertices": {
      "rawPosition": [
        -186,
        -147,
        0,
        186,
        -147,
        0,
        -186,
        147,
        0,
        186,
        147,
        0
      ],
      "indexes": [
        0,
        1,
        2,
        2,
        1,
        3
      ],
      "uv": [
        244,
        348,
        616,
        348,
        244,
        54,
        616,
        54
      ],
      "nuv": [
        0.38065522620904835,
        0.10444874274661509,
        0.9609984399375975,
        0.10444874274661509,
        0.38065522620904835,
        0.6731141199226306,
        0.9609984399375975,
        0.6731141199226306
      ],
      "minPos": {
        "x": -186,
        "y": -147,
        "z": 0
      },
      "maxPos": {
        "x": 186,
        "y": 147,
        "z": 0
      }
    },
    "texture": "b3717ddb-4446-4313-86b7-bfe4302bd048@6c48a",
    "packable": true,
    "pixelsToUnit": 100,
    "pivot": {
      "x": 0.5,
      "y": 0.5
    },
    "meshType": 0
  }
}