{
  "__type__": "cc.SpriteFrame",
  "content": {
    "name": "Elixir_Loading40",
    "atlas": "",
    "rect": {
      "x": 205,
      "y": 189,
      "width": 102,
      "height": 120
    },
    "offset": {
      "x": 0,
      "y": 7
    },
    "originalSize": {
      "width": 512,
      "height": 512
    },
    "rotated": false,
    "capInsets": [
      0,
      0,
      0,
      0
    ],
    "vertices": {
      "rawPosition": [
        -51,
        -60,
        0,
        51,
        -60,
        0,
        -51,
        60,
        0,
        51,
        60,
        0
      ],
      "indexes": [
        0,
        1,
        2,
        2,
        1,
        3
      ],
      "uv": [
        205,
        323,
        307,
        323,
        205,
        203,
        307,
        203
      ],
      "nuv": [
        0.400390625,
        0.396484375,
        0.599609375,
        0.396484375,
        0.400390625,
        0.630859375,
        0.599609375,
        0.630859375
      ],
      "minPos": {
        "x": -51,
        "y": -60,
        "z": 0
      },
      "maxPos": {
        "x": 51,
        "y": 60,
        "z": 0
      }
    },
    "texture": "b387fdd5-19c5-4241-93d6-6ed495e26721@6c48a",
    "packable": true,
    "pixelsToUnit": 100,
    "pivot": {
      "x": 0.5,
      "y": 0.5
    },
    "meshType": 0
  }
}