{
  "__type__": "cc.SpriteFrame",
  "content": {
    "name": "Dr_B_10",
    "atlas": "",
    "rect": {
      "x": 75,
      "y": 82,
      "width": 370,
      "height": 356
    },
    "offset": {
      "x": 0,
      "y": 0
    },
    "originalSize": {
      "width": 520,
      "height": 520
    },
    "rotated": false,
    "capInsets": [
      0,
      0,
      0,
      0
    ],
    "vertices": {
      "rawPosition": [
        -185,
        -178,
        0,
        185,
        -178,
        0,
        -185,
        178,
        0,
        185,
        178,
        0
      ],
      "indexes": [
        0,
        1,
        2,
        2,
        1,
        3
      ],
      "uv": [
        75,
        438,
        445,
        438,
        75,
        82,
        445,
        82
      ],
      "nuv": [
        0.14423076923076922,
        0.1576923076923077,
        0.8557692307692307,
        0.1576923076923077,
        0.14423076923076922,
        0.8423076923076923,
        0.8557692307692307,
        0.8423076923076923
      ],
      "minPos": {
        "x": -185,
        "y": -178,
        "z": 0
      },
      "maxPos": {
        "x": 185,
        "y": 178,
        "z": 0
      }
    },
    "texture": "28bd1691-4b3a-4a82-9974-ada49ebdd595@6c48a",
    "packable": true,
    "pixelsToUnit": 100,
    "pivot": {
      "x": 0.5,
      "y": 0.5
    },
    "meshType": 0
  }
}