{
  "__type__": "cc.SpriteFrame",
  "content": {
    "name": "Dr_B_32",
    "atlas": "",
    "rect": {
      "x": 89,
      "y": 80,
      "width": 351,
      "height": 360
    },
    "offset": {
      "x": 4.5,
      "y": 0
    },
    "originalSize": {
      "width": 520,
      "height": 520
    },
    "rotated": false,
    "capInsets": [
      0,
      0,
      0,
      0
    ],
    "vertices": {
      "rawPosition": [
        -175.5,
        -180,
        0,
        175.5,
        -180,
        0,
        -175.5,
        180,
        0,
        175.5,
        180,
        0
      ],
      "indexes": [
        0,
        1,
        2,
        2,
        1,
        3
      ],
      "uv": [
        89,
        440,
        440,
        440,
        89,
        80,
        440,
        80
      ],
      "nuv": [
        0.17115384615384616,
        0.15384615384615385,
        0.8461538461538461,
        0.15384615384615385,
        0.17115384615384616,
        0.8461538461538461,
        0.8461538461538461,
        0.8461538461538461
      ],
      "minPos": {
        "x": -175.5,
        "y": -180,
        "z": 0
      },
      "maxPos": {
        "x": 175.5,
        "y": 180,
        "z": 0
      }
    },
    "texture": "c10bf7bf-3dc8-4665-a605-4e79e6d7f91f@6c48a",
    "packable": true,
    "pixelsToUnit": 100,
    "pivot": {
      "x": 0.5,
      "y": 0.5
    },
    "meshType": 0
  }
}