{
  "__type__": "cc.SpriteFrame",
  "content": {
    "name": "SpitFire05",
    "atlas": "",
    "rect": {
      "x": 54,
      "y": 173,
      "width": 442,
      "height": 174
    },
    "offset": {
      "x": 15,
      "y": 0
    },
    "originalSize": {
      "width": 520,
      "height": 520
    },
    "rotated": false,
    "capInsets": [
      0,
      0,
      0,
      0
    ],
    "vertices": {
      "rawPosition": [
        -221,
        -87,
        0,
        221,
        -87,
        0,
        -221,
        87,
        0,
        221,
        87,
        0
      ],
      "indexes": [
        0,
        1,
        2,
        2,
        1,
        3
      ],
      "uv": [
        54,
        347,
        496,
        347,
        54,
        173,
        496,
        173
      ],
      "nuv": [
        0.10384615384615385,
        0.3326923076923077,
        0.9538461538461539,
        0.3326923076923077,
        0.10384615384615385,
        0.6673076923076923,
        0.9538461538461539,
        0.6673076923076923
      ],
      "minPos": {
        "x": -221,
        "y": -87,
        "z": 0
      },
      "maxPos": {
        "x": 221,
        "y": 87,
        "z": 0
      }
    },
    "texture": "c1819128-0a3d-4d0f-9fb6-c151fbead7dd@6c48a",
    "packable": true,
    "pixelsToUnit": 100,
    "pivot": {
      "x": 0.5,
      "y": 0.5
    },
    "meshType": 0
  }
}