{
  "__type__": "cc.SpriteFrame",
  "content": {
    "name": "SpitFire08",
    "atlas": "",
    "rect": {
      "x": 28,
      "y": 128,
      "width": 470,
      "height": 264
    },
    "offset": {
      "x": 3,
      "y": 0
    },
    "originalSize": {
      "width": 520,
      "height": 520
    },
    "rotated": false,
    "capInsets": [
      0,
      0,
      0,
      0
    ],
    "vertices": {
      "rawPosition": [
        -235,
        -132,
        0,
        235,
        -132,
        0,
        -235,
        132,
        0,
        235,
        132,
        0
      ],
      "indexes": [
        0,
        1,
        2,
        2,
        1,
        3
      ],
      "uv": [
        28,
        392,
        498,
        392,
        28,
        128,
        498,
        128
      ],
      "nuv": [
        0.05384615384615385,
        0.24615384615384617,
        0.9576923076923077,
        0.24615384615384617,
        0.05384615384615385,
        0.7538461538461538,
        0.9576923076923077,
        0.7538461538461538
      ],
      "minPos": {
        "x": -235,
        "y": -132,
        "z": 0
      },
      "maxPos": {
        "x": 235,
        "y": 132,
        "z": 0
      }
    },
    "texture": "c1963664-9c94-4336-89d2-965deeaf1e9b@6c48a",
    "packable": true,
    "pixelsToUnit": 100,
    "pivot": {
      "x": 0.5,
      "y": 0.5
    },
    "meshType": 0
  }
}