{
  "__type__": "cc.SpriteFrame",
  "content": {
    "name": "Dr_B_00",
    "atlas": "",
    "rect": {
      "x": 519,
      "y": 519,
      "width": 1,
      "height": 1
    },
    "offset": {
      "x": 259.5,
      "y": -259.5
    },
    "originalSize": {
      "width": 520,
      "height": 520
    },
    "rotated": false,
    "capInsets": [
      0,
      0,
      0,
      0
    ],
    "vertices": {
      "rawPosition": [
        -0.5,
        -0.5,
        0,
        0.5,
        -0.5,
        0,
        -0.5,
        0.5,
        0,
        0.5,
        0.5,
        0
      ],
      "indexes": [
        0,
        1,
        2,
        2,
        1,
        3
      ],
      "uv": [
        519,
        1,
        520,
        1,
        519,
        0,
        520,
        0
      ],
      "nuv": [
        0.9980769230769231,
        0,
        1,
        0,
        0.9980769230769231,
        0.0019230769230769232,
        1,
        0.0019230769230769232
      ],
      "minPos": {
        "x": -0.5,
        "y": -0.5,
        "z": 0
      },
      "maxPos": {
        "x": 0.5,
        "y": 0.5,
        "z": 0
      }
    },
    "texture": "e463b4e0-5952-46c8-98a9-c99172d63a54@6c48a",
    "packable": true,
    "pixelsToUnit": 100,
    "pivot": {
      "x": 0.5,
      "y": 0.5
    },
    "meshType": 0
  }
}