{
  "__type__": "cc.SpriteFrame",
  "content": {
    "name": "Host_00",
    "atlas": "",
    "rect": {
      "x": 719,
      "y": 519,
      "width": 1,
      "height": 1
    },
    "offset": {
      "x": 359.5,
      "y": -259.5
    },
    "originalSize": {
      "width": 720,
      "height": 520
    },
    "rotated": false,
    "capInsets": [
      0,
      0,
      0,
      0
    ],
    "vertices": {
      "rawPosition": [
        -0.5,
        -0.5,
        0,
        0.5,
        -0.5,
        0,
        -0.5,
        0.5,
        0,
        0.5,
        0.5,
        0
      ],
      "indexes": [
        0,
        1,
        2,
        2,
        1,
        3
      ],
      "uv": [
        719,
        1,
        720,
        1,
        719,
        0,
        720,
        0
      ],
      "nuv": [
        0.9986111111111111,
        0,
        1,
        0,
        0.9986111111111111,
        0.0019230769230769232,
        1,
        0.0019230769230769232
      ],
      "minPos": {
        "x": -0.5,
        "y": -0.5,
        "z": 0
      },
      "maxPos": {
        "x": 0.5,
        "y": 0.5,
        "z": 0
      }
    },
    "texture": "9b3be86a-dde3-4ad0-91ed-334b0f48367b@6c48a",
    "packable": true,
    "pixelsToUnit": 100,
    "pivot": {
      "x": 0.5,
      "y": 0.5
    },
    "meshType": 0
  }
}