{
  "__type__": "cc.SpriteFrame",
  "content": {
    "name": "SpitFire10",
    "atlas": "",
    "rect": {
      "x": 13,
      "y": 103,
      "width": 485,
      "height": 314
    },
    "offset": {
      "x": -4.5,
      "y": 0
    },
    "originalSize": {
      "width": 520,
      "height": 520
    },
    "rotated": false,
    "capInsets": [
      0,
      0,
      0,
      0
    ],
    "vertices": {
      "rawPosition": [
        -242.5,
        -157,
        0,
        242.5,
        -157,
        0,
        -242.5,
        157,
        0,
        242.5,
        157,
        0
      ],
      "indexes": [
        0,
        1,
        2,
        2,
        1,
        3
      ],
      "uv": [
        13,
        417,
        498,
        417,
        13,
        103,
        498,
        103
      ],
      "nuv": [
        0.025,
        0.19807692307692307,
        0.9576923076923077,
        0.19807692307692307,
        0.025,
        0.801923076923077,
        0.9576923076923077,
        0.801923076923077
      ],
      "minPos": {
        "x": -242.5,
        "y": -157,
        "z": 0
      },
      "maxPos": {
        "x": 242.5,
        "y": 157,
        "z": 0
      }
    },
    "texture": "4cdaed72-94a1-4284-8af8-736a819550d4@6c48a",
    "packable": true,
    "pixelsToUnit": 100,
    "pivot": {
      "x": 0.5,
      "y": 0.5
    },
    "meshType": 0
  }
}