{
  "__type__": "cc.SpriteFrame",
  "content": {
    "name": "Explo07",
    "atlas": "",
    "rect": {
      "x": 27,
      "y": 31,
      "width": 466,
      "height": 458
    },
    "offset": {
      "x": 0,
      "y": 0
    },
    "originalSize": {
      "width": 520,
      "height": 520
    },
    "rotated": false,
    "capInsets": [
      0,
      0,
      0,
      0
    ],
    "vertices": {
      "rawPosition": [
        -233,
        -229,
        0,
        233,
        -229,
        0,
        -233,
        229,
        0,
        233,
        229,
        0
      ],
      "indexes": [
        0,
        1,
        2,
        2,
        1,
        3
      ],
      "uv": [
        27,
        489,
        493,
        489,
        27,
        31,
        493,
        31
      ],
      "nuv": [
        0.051923076923076926,
        0.05961538461538462,
        0.948076923076923,
        0.05961538461538462,
        0.051923076923076926,
        0.9403846153846154,
        0.948076923076923,
        0.9403846153846154
      ],
      "minPos": {
        "x": -233,
        "y": -229,
        "z": 0
      },
      "maxPos": {
        "x": 233,
        "y": 229,
        "z": 0
      }
    },
    "texture": "c7e9b976-20fc-4010-a872-3c5ea14ee54b@6c48a",
    "packable": true,
    "pixelsToUnit": 100,
    "pivot": {
      "x": 0.5,
      "y": 0.5
    },
    "meshType": 0
  }
}