{
  "__type__": "cc.SpriteFrame",
  "content": {
    "name": "Elixir_Loading19",
    "atlas": "",
    "rect": {
      "x": 241,
      "y": 245,
      "width": 23,
      "height": 20
    },
    "offset": {
      "x": -3.5,
      "y": 1
    },
    "originalSize": {
      "width": 512,
      "height": 512
    },
    "rotated": false,
    "capInsets": [
      0,
      0,
      0,
      0
    ],
    "vertices": {
      "rawPosition": [
        -11.5,
        -10,
        0,
        11.5,
        -10,
        0,
        -11.5,
        10,
        0,
        11.5,
        10,
        0
      ],
      "indexes": [
        0,
        1,
        2,
        2,
        1,
        3
      ],
      "uv": [
        241,
        267,
        264,
        267,
        241,
        247,
        264,
        247
      ],
      "nuv": [
        0.470703125,
        0.482421875,
        0.515625,
        0.482421875,
        0.470703125,
        0.521484375,
        0.515625,
        0.521484375
      ],
      "minPos": {
        "x": -11.5,
        "y": -10,
        "z": 0
      },
      "maxPos": {
        "x": 11.5,
        "y": 10,
        "z": 0
      }
    },
    "texture": "ff081edc-c14e-49b6-9a62-cdac5fdd30b6@6c48a",
    "packable": true,
    "pixelsToUnit": 100,
    "pivot": {
      "x": 0.5,
      "y": 0.5
    },
    "meshType": 0
  }
}