{
  "__type__": "cc.SpriteFrame",
  "content": {
    "name": "T_Slash_04",
    "atlas": "",
    "rect": {
      "x": 229,
      "y": 454,
      "width": 255,
      "height": 63
    },
    "offset": {
      "x": 46.5,
      "y": -175.5
    },
    "originalSize": {
      "width": 620,
      "height": 620
    },
    "rotated": false,
    "capInsets": [
      0,
      0,
      0,
      0
    ],
    "vertices": {
      "rawPosition": [
        -127.5,
        -31.5,
        0,
        127.5,
        -31.5,
        0,
        -127.5,
        31.5,
        0,
        127.5,
        31.5,
        0
      ],
      "indexes": [
        0,
        1,
        2,
        2,
        1,
        3
      ],
      "uv": [
        229,
        166,
        484,
        166,
        229,
        103,
        484,
        103
      ],
      "nuv": [
        0.36935483870967745,
        0.16612903225806452,
        0.7806451612903226,
        0.16612903225806452,
        0.36935483870967745,
        0.267741935483871,
        0.7806451612903226,
        0.267741935483871
      ],
      "minPos": {
        "x": -127.5,
        "y": -31.5,
        "z": 0
      },
      "maxPos": {
        "x": 127.5,
        "y": 31.5,
        "z": 0
      }
    },
    "texture": "d427ba88-8b3b-454f-9ec1-a2ebc21ad151@6c48a",
    "packable": true,
    "pixelsToUnit": 100,
    "pivot": {
      "x": 0.5,
      "y": 0.5
    },
    "meshType": 0
  }
}