{
  "__type__": "cc.SpriteFrame",
  "content": {
    "name": "Elixir_Loading35",
    "atlas": "",
    "rect": {
      "x": 194,
      "y": 174,
      "width": 124,
      "height": 147
    },
    "offset": {
      "x": 0,
      "y": 8.5
    },
    "originalSize": {
      "width": 512,
      "height": 512
    },
    "rotated": false,
    "capInsets": [
      0,
      0,
      0,
      0
    ],
    "vertices": {
      "rawPosition": [
        -62,
        -73.5,
        0,
        62,
        -73.5,
        0,
        -62,
        73.5,
        0,
        62,
        73.5,
        0
      ],
      "indexes": [
        0,
        1,
        2,
        2,
        1,
        3
      ],
      "uv": [
        194,
        338,
        318,
        338,
        194,
        191,
        318,
        191
      ],
      "nuv": [
        0.37890625,
        0.373046875,
        0.62109375,
        0.373046875,
        0.37890625,
        0.66015625,
        0.62109375,
        0.66015625
      ],
      "minPos": {
        "x": -62,
        "y": -73.5,
        "z": 0
      },
      "maxPos": {
        "x": 62,
        "y": 73.5,
        "z": 0
      }
    },
    "texture": "d4387e22-8471-4b3e-8581-85afd799100e@6c48a",
    "packable": true,
    "pixelsToUnit": 100,
    "pivot": {
      "x": 0.5,
      "y": 0.5
    },
    "meshType": 0
  }
}