{
  "__type__": "cc.SpriteFrame",
  "content": {
    "name": "TH13",
    "atlas": "",
    "rect": {
      "x": 145,
      "y": 126,
      "width": 299,
      "height": 313
    },
    "offset": {
      "x": 34.5,
      "y": -22.5
    },
    "originalSize": {
      "width": 520,
      "height": 520
    },
    "rotated": false,
    "capInsets": [
      0,
      0,
      0,
      0
    ],
    "vertices": {
      "rawPosition": [
        -149.5,
        -156.5,
        0,
        149.5,
        -156.5,
        0,
        -149.5,
        156.5,
        0,
        149.5,
        156.5,
        0
      ],
      "indexes": [
        0,
        1,
        2,
        2,
        1,
        3
      ],
      "uv": [
        145,
        394,
        444,
        394,
        145,
        81,
        444,
        81
      ],
      "nuv": [
        0.27884615384615385,
        0.15576923076923077,
        0.8538461538461538,
        0.15576923076923077,
        0.27884615384615385,
        0.7576923076923077,
        0.8538461538461538,
        0.7576923076923077
      ],
      "minPos": {
        "x": -149.5,
        "y": -156.5,
        "z": 0
      },
      "maxPos": {
        "x": 149.5,
        "y": 156.5,
        "z": 0
      }
    },
    "texture": "9e66f272-6503-4a3d-a714-75b032e47467@6c48a",
    "packable": true,
    "pixelsToUnit": 100,
    "pivot": {
      "x": 0.5,
      "y": 0.5
    },
    "meshType": 0
  }
}