{
  "__type__": "cc.SpriteFrame",
  "content": {
    "name": "T_Slash_02",
    "atlas": "",
    "rect": {
      "x": 229,
      "y": 478,
      "width": 236,
      "height": 41
    },
    "offset": {
      "x": 37,
      "y": -188.5
    },
    "originalSize": {
      "width": 620,
      "height": 620
    },
    "rotated": false,
    "capInsets": [
      0,
      0,
      0,
      0
    ],
    "vertices": {
      "rawPosition": [
        -118,
        -20.5,
        0,
        118,
        -20.5,
        0,
        -118,
        20.5,
        0,
        118,
        20.5,
        0
      ],
      "indexes": [
        0,
        1,
        2,
        2,
        1,
        3
      ],
      "uv": [
        229,
        142,
        465,
        142,
        229,
        101,
        465,
        101
      ],
      "nuv": [
        0.36935483870967745,
        0.1629032258064516,
        0.75,
        0.1629032258064516,
        0.36935483870967745,
        0.22903225806451613,
        0.75,
        0.22903225806451613
      ],
      "minPos": {
        "x": -118,
        "y": -20.5,
        "z": 0
      },
      "maxPos": {
        "x": 118,
        "y": 20.5,
        "z": 0
      }
    },
    "texture": "6d69cae7-ad9f-42f9-aab1-8c4bbe2d475e@6c48a",
    "packable": true,
    "pixelsToUnit": 100,
    "pivot": {
      "x": 0.5,
      "y": 0.5
    },
    "meshType": 0
  }
}