{
  "__type__": "cc.SpriteFrame",
  "content": {
    "name": "Dr_B_34",
    "atlas": "",
    "rect": {
      "x": 85,
      "y": 77,
      "width": 351,
      "height": 366
    },
    "offset": {
      "x": 0.5,
      "y": 0
    },
    "originalSize": {
      "width": 520,
      "height": 520
    },
    "rotated": false,
    "capInsets": [
      0,
      0,
      0,
      0
    ],
    "vertices": {
      "rawPosition": [
        -175.5,
        -183,
        0,
        175.5,
        -183,
        0,
        -175.5,
        183,
        0,
        175.5,
        183,
        0
      ],
      "indexes": [
        0,
        1,
        2,
        2,
        1,
        3
      ],
      "uv": [
        85,
        443,
        436,
        443,
        85,
        77,
        436,
        77
      ],
      "nuv": [
        0.16346153846153846,
        0.14807692307692308,
        0.8384615384615385,
        0.14807692307692308,
        0.16346153846153846,
        0.8519230769230769,
        0.8384615384615385,
        0.8519230769230769
      ],
      "minPos": {
        "x": -175.5,
        "y": -183,
        "z": 0
      },
      "maxPos": {
        "x": 175.5,
        "y": 183,
        "z": 0
      }
    },
    "texture": "6daf11bf-1287-44ba-90e7-84566a4c1078@6c48a",
    "packable": true,
    "pixelsToUnit": 100,
    "pivot": {
      "x": 0.5,
      "y": 0.5
    },
    "meshType": 0
  }
}