{
  "__type__": "cc.SpriteFrame",
  "content": {
    "name": "resTitle",
    "atlas": "",
    "rect": {
      "x": 0,
      "y": 0,
      "width": 137,
      "height": 42
    },
    "offset": {
      "x": -0.5,
      "y": 0.5
    },
    "originalSize": {
      "width": 138,
      "height": 43
    },
    "rotated": false,
    "capInsets": [
      0,
      0,
      0,
      0
    ],
    "vertices": {
      "rawPosition": [
        -68.5,
        -21,
        0,
        68.5,
        -21,
        0,
        -68.5,
        21,
        0,
        68.5,
        21,
        0
      ],
      "indexes": [
        0,
        1,
        2,
        2,
        1,
        3
      ],
      "uv": [
        0,
        43,
        137,
        43,
        0,
        1,
        137,
        1
      ],
      "nuv": [
        0,
        0.023255813953488372,
        0.9927536231884058,
        0.023255813953488372,
        0,
        1,
        0.9927536231884058,
        1
      ],
      "minPos": {
        "x": -68.5,
        "y": -21,
        "z": 0
      },
      "maxPos": {
        "x": 68.5,
        "y": 21,
        "z": 0
      }
    },
    "texture": "af9a01b9-74b3-4f0c-9af4-c59c7448bbeb@6c48a",
    "packable": true,
    "pixelsToUnit": 100,
    "pivot": {
      "x": 0.5,
      "y": 0.5
    },
    "meshType": 0
  }
}