{
  "__type__": "cc.SpriteFrame",
  "content": {
    "name": "Explo05",
    "atlas": "",
    "rect": {
      "x": 29,
      "y": 22,
      "width": 462,
      "height": 476
    },
    "offset": {
      "x": 0,
      "y": 0
    },
    "originalSize": {
      "width": 520,
      "height": 520
    },
    "rotated": false,
    "capInsets": [
      0,
      0,
      0,
      0
    ],
    "vertices": {
      "rawPosition": [
        -231,
        -238,
        0,
        231,
        -238,
        0,
        -231,
        238,
        0,
        231,
        238,
        0
      ],
      "indexes": [
        0,
        1,
        2,
        2,
        1,
        3
      ],
      "uv": [
        29,
        498,
        491,
        498,
        29,
        22,
        491,
        22
      ],
      "nuv": [
        0.05576923076923077,
        0.04230769230769231,
        0.9442307692307692,
        0.04230769230769231,
        0.05576923076923077,
        0.9576923076923077,
        0.9442307692307692,
        0.9576923076923077
      ],
      "minPos": {
        "x": -231,
        "y": -238,
        "z": 0
      },
      "maxPos": {
        "x": 231,
        "y": 238,
        "z": 0
      }
    },
    "texture": "3938b4e1-ce92-42e5-b749-359ac148b07b@6c48a",
    "packable": true,
    "pixelsToUnit": 100,
    "pivot": {
      "x": 0.5,
      "y": 0.5
    },
    "meshType": 0
  }
}