{
  "__type__": "cc.SpriteFrame",
  "content": {
    "name": "T_dig_08",
    "atlas": "",
    "rect": {
      "x": 126,
      "y": 18,
      "width": 477,
      "height": 336
    },
    "offset": {
      "x": 44,
      "y": 72.5
    },
    "originalSize": {
      "width": 641,
      "height": 517
    },
    "rotated": false,
    "capInsets": [
      0,
      0,
      0,
      0
    ],
    "vertices": {
      "rawPosition": [
        -238.5,
        -168,
        0,
        238.5,
        -168,
        0,
        -238.5,
        168,
        0,
        238.5,
        168,
        0
      ],
      "indexes": [
        0,
        1,
        2,
        2,
        1,
        3
      ],
      "uv": [
        126,
        499,
        603,
        499,
        126,
        163,
        603,
        163
      ],
      "nuv": [
        0.19656786271450857,
        0.3152804642166344,
        0.9407176287051482,
        0.3152804642166344,
        0.19656786271450857,
        0.965183752417795,
        0.9407176287051482,
        0.965183752417795
      ],
      "minPos": {
        "x": -238.5,
        "y": -168,
        "z": 0
      },
      "maxPos": {
        "x": 238.5,
        "y": 168,
        "z": 0
      }
    },
    "texture": "3967fac2-16ab-42af-a314-549c65950c4e@6c48a",
    "packable": true,
    "pixelsToUnit": 100,
    "pivot": {
      "x": 0.5,
      "y": 0.5
    },
    "meshType": 0
  }
}