{
  "__type__": "cc.SpriteFrame",
  "content": {
    "name": "tigerAttack2",
    "atlas": "",
    "rect": {
      "x": 0,
      "y": 18,
      "width": 3167,
      "height": 1527
    },
    "offset": {
      "x": -19,
      "y": -6
    },
    "originalSize": {
      "width": 3205,
      "height": 1551
    },
    "rotated": false,
    "capInsets": [
      0,
      0,
      0,
      0
    ],
    "vertices": {
      "rawPosition": [
        -1583.5,
        -763.5,
        0,
        1583.5,
        -763.5,
        0,
        -1583.5,
        763.5,
        0,
        1583.5,
        763.5,
        0
      ],
      "indexes": [
        0,
        1,
        2,
        2,
        1,
        3
      ],
      "uv": [
        0,
        1533,
        3167,
        1533,
        0,
        6,
        3167,
        6
      ],
      "nuv": [
        0,
        0.0038684719535783366,
        0.9881435257410296,
        0.0038684719535783366,
        0,
        0.988394584139265,
        0.9881435257410296,
        0.988394584139265
      ],
      "minPos": {
        "x": -1583.5,
        "y": -763.5,
        "z": 0
      },
      "maxPos": {
        "x": 1583.5,
        "y": 763.5,
        "z": 0
      }
    },
    "texture": "0bf88688-a6ef-4fe7-80a2-8113bb92e621@6c48a",
    "packable": true,
    "pixelsToUnit": 100,
    "pivot": {
      "x": 0.5,
      "y": 0.5
    },
    "meshType": 0
  }
}