{
  "__type__": "cc.SpriteFrame",
  "content": {
    "name": "TIE01",
    "atlas": "",
    "rect": {
      "x": 119,
      "y": 95,
      "width": 242,
      "height": 126
    },
    "offset": {
      "x": 0,
      "y": 2
    },
    "originalSize": {
      "width": 480,
      "height": 320
    },
    "rotated": false,
    "capInsets": [
      0,
      0,
      0,
      0
    ],
    "vertices": {
      "rawPosition": [
        -121,
        -63,
        0,
        121,
        -63,
        0,
        -121,
        63,
        0,
        121,
        63,
        0
      ],
      "indexes": [
        0,
        1,
        2,
        2,
        1,
        3
      ],
      "uv": [
        119,
        225,
        361,
        225,
        119,
        99,
        361,
        99
      ],
      "nuv": [
        0.24791666666666667,
        0.309375,
        0.7520833333333333,
        0.309375,
        0.24791666666666667,
        0.703125,
        0.7520833333333333,
        0.703125
      ],
      "minPos": {
        "x": -121,
        "y": -63,
        "z": 0
      },
      "maxPos": {
        "x": 121,
        "y": 63,
        "z": 0
      }
    },
    "texture": "03909867-eefd-4037-97f9-fffbe30deb60@6c48a",
    "packable": true,
    "pixelsToUnit": 100,
    "pivot": {
      "x": 0.5,
      "y": 0.5
    },
    "meshType": 0
  }
}