{
  "__type__": "cc.SpriteFrame",
  "content": {
    "name": "Explo10",
    "atlas": "",
    "rect": {
      "x": 65,
      "y": 81,
      "width": 390,
      "height": 358
    },
    "offset": {
      "x": 0,
      "y": 0
    },
    "originalSize": {
      "width": 520,
      "height": 520
    },
    "rotated": false,
    "capInsets": [
      0,
      0,
      0,
      0
    ],
    "vertices": {
      "rawPosition": [
        -195,
        -179,
        0,
        195,
        -179,
        0,
        -195,
        179,
        0,
        195,
        179,
        0
      ],
      "indexes": [
        0,
        1,
        2,
        2,
        1,
        3
      ],
      "uv": [
        65,
        439,
        455,
        439,
        65,
        81,
        455,
        81
      ],
      "nuv": [
        0.125,
        0.15576923076923077,
        0.875,
        0.15576923076923077,
        0.125,
        0.8442307692307692,
        0.875,
        0.8442307692307692
      ],
      "minPos": {
        "x": -195,
        "y": -179,
        "z": 0
      },
      "maxPos": {
        "x": 195,
        "y": 179,
        "z": 0
      }
    },
    "texture": "2a54cac5-3d9d-454b-80cc-2b6ebaf98bc2@6c48a",
    "packable": true,
    "pixelsToUnit": 100,
    "pivot": {
      "x": 0.5,
      "y": 0.5
    },
    "meshType": 0
  }
}