{
  "__type__": "cc.SpriteFrame",
  "content": {
    "name": "T_Slash_28",
    "atlas": "",
    "rect": {
      "x": 619,
      "y": 619,
      "width": 1,
      "height": 1
    },
    "offset": {
      "x": 309.5,
      "y": -309.5
    },
    "originalSize": {
      "width": 620,
      "height": 620
    },
    "rotated": false,
    "capInsets": [
      0,
      0,
      0,
      0
    ],
    "vertices": {
      "rawPosition": [
        -0.5,
        -0.5,
        0,
        0.5,
        -0.5,
        0,
        -0.5,
        0.5,
        0,
        0.5,
        0.5,
        0
      ],
      "indexes": [
        0,
        1,
        2,
        2,
        1,
        3
      ],
      "uv": [
        619,
        1,
        620,
        1,
        619,
        0,
        620,
        0
      ],
      "nuv": [
        0.9983870967741936,
        0,
        1,
        0,
        0.9983870967741936,
        0.0016129032258064516,
        1,
        0.0016129032258064516
      ],
      "minPos": {
        "x": -0.5,
        "y": -0.5,
        "z": 0
      },
      "maxPos": {
        "x": 0.5,
        "y": 0.5,
        "z": 0
      }
    },
    "texture": "07b65f17-df2c-4cd1-889f-f5b1774082b5@6c48a",
    "packable": true,
    "pixelsToUnit": 100,
    "pivot": {
      "x": 0.5,
      "y": 0.5
    },
    "meshType": 0
  }
}