{
  "__type__": "cc.SpriteFrame",
  "content": {
    "name": "fight02",
    "atlas": "",
    "rect": {
      "x": 123,
      "y": 183,
      "width": 454,
      "height": 154
    },
    "offset": {
      "x": 0,
      "y": 0
    },
    "originalSize": {
      "width": 700,
      "height": 520
    },
    "rotated": false,
    "capInsets": [
      0,
      0,
      0,
      0
    ],
    "vertices": {
      "rawPosition": [
        -227,
        -77,
        0,
        227,
        -77,
        0,
        -227,
        77,
        0,
        227,
        77,
        0
      ],
      "indexes": [
        0,
        1,
        2,
        2,
        1,
        3
      ],
      "uv": [
        123,
        337,
        577,
        337,
        123,
        183,
        577,
        183
      ],
      "nuv": [
        0.1757142857142857,
        0.35192307692307695,
        0.8242857142857143,
        0.35192307692307695,
        0.1757142857142857,
        0.6480769230769231,
        0.8242857142857143,
        0.6480769230769231
      ],
      "minPos": {
        "x": -227,
        "y": -77,
        "z": 0
      },
      "maxPos": {
        "x": 227,
        "y": 77,
        "z": 0
      }
    },
    "texture": "07e48bfa-00c1-4efb-acbb-cb4fda5d7256@6c48a",
    "packable": true,
    "pixelsToUnit": 100,
    "pivot": {
      "x": 0.5,
      "y": 0.5
    },
    "meshType": 0
  }
}