{
  "__type__": "cc.SpriteFrame",
  "content": {
    "name": "Host_01",
    "atlas": "",
    "rect": {
      "x": 279,
      "y": 238,
      "width": 161,
      "height": 68
    },
    "offset": {
      "x": -0.5,
      "y": -12
    },
    "originalSize": {
      "width": 720,
      "height": 520
    },
    "rotated": false,
    "capInsets": [
      0,
      0,
      0,
      0
    ],
    "vertices": {
      "rawPosition": [
        -80.5,
        -34,
        0,
        80.5,
        -34,
        0,
        -80.5,
        34,
        0,
        80.5,
        34,
        0
      ],
      "indexes": [
        0,
        1,
        2,
        2,
        1,
        3
      ],
      "uv": [
        279,
        282,
        440,
        282,
        279,
        214,
        440,
        214
      ],
      "nuv": [
        0.3875,
        0.4115384615384615,
        0.6111111111111112,
        0.4115384615384615,
        0.3875,
        0.5423076923076923,
        0.6111111111111112,
        0.5423076923076923
      ],
      "minPos": {
        "x": -80.5,
        "y": -34,
        "z": 0
      },
      "maxPos": {
        "x": 80.5,
        "y": 34,
        "z": 0
      }
    },
    "texture": "0a2c17b8-5d21-434f-9fab-2a4424c02779@6c48a",
    "packable": true,
    "pixelsToUnit": 100,
    "pivot": {
      "x": 0.5,
      "y": 0.5
    },
    "meshType": 0
  }
}