{
  "__type__": "cc.SpriteFrame",
  "content": {
    "name": "Frame 427322252",
    "atlas": "",
    "rect": {
      "x": 0,
      "y": 7,
      "width": 99,
      "height": 148
    },
    "offset": {
      "x": 0,
      "y": -2
    },
    "originalSize": {
      "width": 99,
      "height": 158
    },
    "rotated": false,
    "capInsets": [
      0,
      0,
      0,
      0
    ],
    "vertices": {
      "rawPosition": [
        -49.5,
        -74,
        0,
        49.5,
        -74,
        0,
        -49.5,
        74,
        0,
        49.5,
        74,
        0
      ],
      "indexes": [
        0,
        1,
        2,
        2,
        1,
        3
      ],
      "uv": [
        0,
        151,
        99,
        151,
        0,
        3,
        99,
        3
      ],
      "nuv": [
        0,
        0.0189873417721519,
        1,
        0.0189873417721519,
        0,
        0.9556962025316456,
        1,
        0.9556962025316456
      ],
      "minPos": {
        "x": -49.5,
        "y": -74,
        "z": 0
      },
      "maxPos": {
        "x": 49.5,
        "y": 74,
        "z": 0
      }
    },
    "texture": "2d874b45-a045-4ab9-ac78-1c3ab1ee70ac@6c48a",
    "packable": true,
    "pixelsToUnit": 100,
    "pivot": {
      "x": 0.5,
      "y": 0.5
    },
    "meshType": 0
  }
}