{
  "__type__": "cc.SpriteFrame",
  "content": {
    "name": "SpitFire02",
    "atlas": "",
    "rect": {
      "x": 45,
      "y": 228,
      "width": 379,
      "height": 64
    },
    "offset": {
      "x": -25.5,
      "y": 0
    },
    "originalSize": {
      "width": 520,
      "height": 520
    },
    "rotated": false,
    "capInsets": [
      0,
      0,
      0,
      0
    ],
    "vertices": {
      "rawPosition": [
        -189.5,
        -32,
        0,
        189.5,
        -32,
        0,
        -189.5,
        32,
        0,
        189.5,
        32,
        0
      ],
      "indexes": [
        0,
        1,
        2,
        2,
        1,
        3
      ],
      "uv": [
        45,
        292,
        424,
        292,
        45,
        228,
        424,
        228
      ],
      "nuv": [
        0.08653846153846154,
        0.43846153846153846,
        0.8153846153846154,
        0.43846153846153846,
        0.08653846153846154,
        0.5615384615384615,
        0.8153846153846154,
        0.5615384615384615
      ],
      "minPos": {
        "x": -189.5,
        "y": -32,
        "z": 0
      },
      "maxPos": {
        "x": 189.5,
        "y": 32,
        "z": 0
      }
    },
    "texture": "0890317d-4bec-4ffc-a11d-570a92e1e95d@6c48a",
    "packable": true,
    "pixelsToUnit": 100,
    "pivot": {
      "x": 0.5,
      "y": 0.5
    },
    "meshType": 0
  }
}