{
  "__type__": "cc.SpriteFrame",
  "content": {
    "name": "Elixir_Loading20",
    "atlas": "",
    "rect": {
      "x": 229,
      "y": 242,
      "width": 40,
      "height": 28
    },
    "offset": {
      "x": -7,
      "y": 0
    },
    "originalSize": {
      "width": 512,
      "height": 512
    },
    "rotated": false,
    "capInsets": [
      0,
      0,
      0,
      0
    ],
    "vertices": {
      "rawPosition": [
        -20,
        -14,
        0,
        20,
        -14,
        0,
        -20,
        14,
        0,
        20,
        14,
        0
      ],
      "indexes": [
        0,
        1,
        2,
        2,
        1,
        3
      ],
      "uv": [
        229,
        270,
        269,
        270,
        229,
        242,
        269,
        242
      ],
      "nuv": [
        0.447265625,
        0.47265625,
        0.525390625,
        0.47265625,
        0.447265625,
        0.52734375,
        0.525390625,
        0.52734375
      ],
      "minPos": {
        "x": -20,
        "y": -14,
        "z": 0
      },
      "maxPos": {
        "x": 20,
        "y": 14,
        "z": 0
      }
    },
    "texture": "79fac1d9-e483-499c-9abe-24bd2193a74f@6c48a",
    "packable": true,
    "pixelsToUnit": 100,
    "pivot": {
      "x": 0.5,
      "y": 0.5
    },
    "meshType": 0
  }
}