{
  "__type__": "cc.SpriteFrame",
  "content": {
    "name": "T_dig_20",
    "atlas": "",
    "rect": {
      "x": 59,
      "y": 435,
      "width": 165,
      "height": 56
    },
    "offset": {
      "x": -179,
      "y": -204.5
    },
    "originalSize": {
      "width": 641,
      "height": 517
    },
    "rotated": false,
    "capInsets": [
      0,
      0,
      0,
      0
    ],
    "vertices": {
      "rawPosition": [
        -82.5,
        -28,
        0,
        82.5,
        -28,
        0,
        -82.5,
        28,
        0,
        82.5,
        28,
        0
      ],
      "indexes": [
        0,
        1,
        2,
        2,
        1,
        3
      ],
      "uv": [
        59,
        82,
        224,
        82,
        59,
        26,
        224,
        26
      ],
      "nuv": [
        0.09204368174726989,
        0.05029013539651837,
        0.3494539781591264,
        0.05029013539651837,
        0.09204368174726989,
        0.15860735009671179,
        0.3494539781591264,
        0.15860735009671179
      ],
      "minPos": {
        "x": -82.5,
        "y": -28,
        "z": 0
      },
      "maxPos": {
        "x": 82.5,
        "y": 28,
        "z": 0
      }
    },
    "texture": "9f4f0758-5313-4490-995f-8b7bd1414193@6c48a",
    "packable": true,
    "pixelsToUnit": 100,
    "pivot": {
      "x": 0.5,
      "y": 0.5
    },
    "meshType": 0
  }
}