{
  "__type__": "cc.SpriteFrame",
  "content": {
    "name": "Elixir_Loading34",
    "atlas": "",
    "rect": {
      "x": 198,
      "y": 175,
      "width": 117,
      "height": 143
    },
    "offset": {
      "x": 0.5,
      "y": 9.5
    },
    "originalSize": {
      "width": 512,
      "height": 512
    },
    "rotated": false,
    "capInsets": [
      0,
      0,
      0,
      0
    ],
    "vertices": {
      "rawPosition": [
        -58.5,
        -71.5,
        0,
        58.5,
        -71.5,
        0,
        -58.5,
        71.5,
        0,
        58.5,
        71.5,
        0
      ],
      "indexes": [
        0,
        1,
        2,
        2,
        1,
        3
      ],
      "uv": [
        198,
        337,
        315,
        337,
        198,
        194,
        315,
        194
      ],
      "nuv": [
        0.38671875,
        0.37890625,
        0.615234375,
        0.37890625,
        0.38671875,
        0.658203125,
        0.615234375,
        0.658203125
      ],
      "minPos": {
        "x": -58.5,
        "y": -71.5,
        "z": 0
      },
      "maxPos": {
        "x": 58.5,
        "y": 71.5,
        "z": 0
      }
    },
    "texture": "9f5cb252-7796-400f-82c7-19a7cc90e9b1@6c48a",
    "packable": true,
    "pixelsToUnit": 100,
    "pivot": {
      "x": 0.5,
      "y": 0.5
    },
    "meshType": 0
  }
}