{
  "__type__": "cc.SpriteFrame",
  "content": {
    "name": "Dr_B_06",
    "atlas": "",
    "rect": {
      "x": 75,
      "y": 77,
      "width": 370,
      "height": 366
    },
    "offset": {
      "x": 0,
      "y": 0
    },
    "originalSize": {
      "width": 520,
      "height": 520
    },
    "rotated": false,
    "capInsets": [
      0,
      0,
      0,
      0
    ],
    "vertices": {
      "rawPosition": [
        -185,
        -183,
        0,
        185,
        -183,
        0,
        -185,
        183,
        0,
        185,
        183,
        0
      ],
      "indexes": [
        0,
        1,
        2,
        2,
        1,
        3
      ],
      "uv": [
        75,
        443,
        445,
        443,
        75,
        77,
        445,
        77
      ],
      "nuv": [
        0.14423076923076922,
        0.14807692307692308,
        0.8557692307692307,
        0.14807692307692308,
        0.14423076923076922,
        0.8519230769230769,
        0.8557692307692307,
        0.8519230769230769
      ],
      "minPos": {
        "x": -185,
        "y": -183,
        "z": 0
      },
      "maxPos": {
        "x": 185,
        "y": 183,
        "z": 0
      }
    },
    "texture": "9fb52314-085f-49a5-b196-bb707e2d2f51@6c48a",
    "packable": true,
    "pixelsToUnit": 100,
    "pivot": {
      "x": 0.5,
      "y": 0.5
    },
    "meshType": 0
  }
}