{
  "__type__": "cc.SpriteFrame",
  "content": {
    "name": "Frame 427322295",
    "atlas": "",
    "rect": {
      "x": 1,
      "y": 8,
      "width": 98,
      "height": 145
    },
    "offset": {
      "x": 0.5,
      "y": -1.5
    },
    "originalSize": {
      "width": 99,
      "height": 158
    },
    "rotated": false,
    "capInsets": [
      0,
      0,
      0,
      0
    ],
    "vertices": {
      "rawPosition": [
        -49,
        -72.5,
        0,
        49,
        -72.5,
        0,
        -49,
        72.5,
        0,
        49,
        72.5,
        0
      ],
      "indexes": [
        0,
        1,
        2,
        2,
        1,
        3
      ],
      "uv": [
        1,
        150,
        99,
        150,
        1,
        5,
        99,
        5
      ],
      "nuv": [
        0.010101010101010102,
        0.03164556962025317,
        1,
        0.03164556962025317,
        0.010101010101010102,
        0.9493670886075949,
        1,
        0.9493670886075949
      ],
      "minPos": {
        "x": -49,
        "y": -72.5,
        "z": 0
      },
      "maxPos": {
        "x": 49,
        "y": 72.5,
        "z": 0
      }
    },
    "texture": "fe1d3f6e-722f-456c-a76a-3273dd48ed72@6c48a",
    "packable": true,
    "pixelsToUnit": 100,
    "pivot": {
      "x": 0.5,
      "y": 0.5
    },
    "meshType": 0
  }
}