{
  "__type__": "cc.SpriteFrame",
  "content": {
    "name": "fight00",
    "atlas": "",
    "rect": {
      "x": 49,
      "y": 157,
      "width": 602,
      "height": 206
    },
    "offset": {
      "x": 0,
      "y": 0
    },
    "originalSize": {
      "width": 700,
      "height": 520
    },
    "rotated": false,
    "capInsets": [
      0,
      0,
      0,
      0
    ],
    "vertices": {
      "rawPosition": [
        -301,
        -103,
        0,
        301,
        -103,
        0,
        -301,
        103,
        0,
        301,
        103,
        0
      ],
      "indexes": [
        0,
        1,
        2,
        2,
        1,
        3
      ],
      "uv": [
        49,
        363,
        651,
        363,
        49,
        157,
        651,
        157
      ],
      "nuv": [
        0.07,
        0.3019230769230769,
        0.93,
        0.3019230769230769,
        0.07,
        0.698076923076923,
        0.93,
        0.698076923076923
      ],
      "minPos": {
        "x": -301,
        "y": -103,
        "z": 0
      },
      "maxPos": {
        "x": 301,
        "y": 103,
        "z": 0
      }
    },
    "texture": "f0972980-5c89-489e-b6f7-23bb5a687c66@6c48a",
    "packable": true,
    "pixelsToUnit": 100,
    "pivot": {
      "x": 0.5,
      "y": 0.5
    },
    "meshType": 0
  }
}