{
  "__type__": "cc.SpriteFrame",
  "content": {
    "name": "T_dig_13",
    "atlas": "",
    "rect": {
      "x": 45,
      "y": 55,
      "width": 320,
      "height": 385
    },
    "offset": {
      "x": -115.5,
      "y": 11
    },
    "originalSize": {
      "width": 641,
      "height": 517
    },
    "rotated": false,
    "capInsets": [
      0,
      0,
      0,
      0
    ],
    "vertices": {
      "rawPosition": [
        -160,
        -192.5,
        0,
        160,
        -192.5,
        0,
        -160,
        192.5,
        0,
        160,
        192.5,
        0
      ],
      "indexes": [
        0,
        1,
        2,
        2,
        1,
        3
      ],
      "uv": [
        45,
        462,
        365,
        462,
        45,
        77,
        365,
        77
      ],
      "nuv": [
        0.07020280811232449,
        0.14893617021276595,
        0.5694227769110765,
        0.14893617021276595,
        0.07020280811232449,
        0.8936170212765957,
        0.5694227769110765,
        0.8936170212765957
      ],
      "minPos": {
        "x": -160,
        "y": -192.5,
        "z": 0
      },
      "maxPos": {
        "x": 160,
        "y": 192.5,
        "z": 0
      }
    },
    "texture": "16cc0bbb-e231-4758-a626-a72a1eed2ee7@6c48a",
    "packable": true,
    "pixelsToUnit": 100,
    "pivot": {
      "x": 0.5,
      "y": 0.5
    },
    "meshType": 0
  }
}