{
  "__type__": "cc.SpriteFrame",
  "content": {
    "name": "TigerIde",
    "atlas": "",
    "rect": {
      "x": 2,
      "y": 2,
      "width": 2310,
      "height": 1812
    },
    "offset": {
      "x": 0,
      "y": 0
    },
    "originalSize": {
      "width": 2314,
      "height": 1816
    },
    "rotated": false,
    "capInsets": [
      0,
      0,
      0,
      0
    ],
    "vertices": {
      "rawPosition": [
        -1155,
        -906,
        0,
        1155,
        -906,
        0,
        -1155,
        906,
        0,
        1155,
        906,
        0
      ],
      "indexes": [
        0,
        1,
        2,
        2,
        1,
        3
      ],
      "uv": [
        2,
        1814,
        2312,
        1814,
        2,
        2,
        2312,
        2
      ],
      "nuv": [
        0.000864304235090752,
        0.0011013215859030838,
        0.9991356957649092,
        0.0011013215859030838,
        0.000864304235090752,
        0.998898678414097,
        0.9991356957649092,
        0.998898678414097
      ],
      "minPos": {
        "x": -1155,
        "y": -906,
        "z": 0
      },
      "maxPos": {
        "x": 1155,
        "y": 906,
        "z": 0
      }
    },
    "texture": "bbade88b-d78c-49b2-838c-2502b506a7c2@6c48a",
    "packable": true,
    "pixelsToUnit": 100,
    "pivot": {
      "x": 0.5,
      "y": 0.5
    },
    "meshType": 0
  }
}