{
  "__type__": "cc.SpriteFrame",
  "content": {
    "name": "dragpnAttack",
    "atlas": "",
    "rect": {
      "x": 2,
      "y": 0,
      "width": 2614,
      "height": 1001
    },
    "offset": {
      "x": 0,
      "y": 1.5
    },
    "originalSize": {
      "width": 2618,
      "height": 1004
    },
    "rotated": false,
    "capInsets": [
      0,
      0,
      0,
      0
    ],
    "vertices": {
      "rawPosition": [
        -1307,
        -500.5,
        0,
        1307,
        -500.5,
        0,
        -1307,
        500.5,
        0,
        1307,
        500.5,
        0
      ],
      "indexes": [
        0,
        1,
        2,
        2,
        1,
        3
      ],
      "uv": [
        2,
        1004,
        2616,
        1004,
        2,
        3,
        2616,
        3
      ],
      "nuv": [
        0.0007639419404125286,
        0.00298804780876494,
        0.9992360580595875,
        0.00298804780876494,
        0.0007639419404125286,
        1,
        0.9992360580595875,
        1
      ],
      "minPos": {
        "x": -1307,
        "y": -500.5,
        "z": 0
      },
      "maxPos": {
        "x": 1307,
        "y": 500.5,
        "z": 0
      }
    },
    "texture": "60eb3b67-83c5-4342-96d6-bd32e1a29c23@6c48a",
    "packable": true,
    "pixelsToUnit": 100,
    "pivot": {
      "x": 0.5,
      "y": 0.5
    },
    "meshType": 0
  }
}