{
  "__type__": "cc.SpriteFrame",
  "content": {
    "name": "Frame 427322272",
    "atlas": "",
    "rect": {
      "x": 0,
      "y": 4,
      "width": 99,
      "height": 147
    },
    "offset": {
      "x": 0,
      "y": 1.5
    },
    "originalSize": {
      "width": 99,
      "height": 158
    },
    "rotated": false,
    "capInsets": [
      0,
      0,
      0,
      0
    ],
    "vertices": {
      "rawPosition": [
        -49.5,
        -73.5,
        0,
        49.5,
        -73.5,
        0,
        -49.5,
        73.5,
        0,
        49.5,
        73.5,
        0
      ],
      "indexes": [
        0,
        1,
        2,
        2,
        1,
        3
      ],
      "uv": [
        0,
        154,
        99,
        154,
        0,
        7,
        99,
        7
      ],
      "nuv": [
        0,
        0.04430379746835443,
        1,
        0.04430379746835443,
        0,
        0.9746835443037974,
        1,
        0.9746835443037974
      ],
      "minPos": {
        "x": -49.5,
        "y": -73.5,
        "z": 0
      },
      "maxPos": {
        "x": 49.5,
        "y": 73.5,
        "z": 0
      }
    },
    "texture": "b7b936a2-2f9e-4206-b210-6722401dcbda@6c48a",
    "packable": true,
    "pixelsToUnit": 100,
    "pivot": {
      "x": 0.5,
      "y": 0.5
    },
    "meshType": 0
  }
}