{
  "__type__": "cc.SpriteFrame",
  "content": {
    "name": "TigerIdeFix",
    "atlas": "",
    "rect": {
      "x": 48,
      "y": 54,
      "width": 1847,
      "height": 2226
    },
    "offset": {
      "x": -3.5,
      "y": 3
    },
    "originalSize": {
      "width": 1950,
      "height": 2340
    },
    "rotated": false,
    "capInsets": [
      0,
      0,
      0,
      0
    ],
    "vertices": {
      "rawPosition": [
        -923.5,
        -1113,
        0,
        923.5,
        -1113,
        0,
        -923.5,
        1113,
        0,
        923.5,
        1113,
        0
      ],
      "indexes": [
        0,
        1,
        2,
        2,
        1,
        3
      ],
      "uv": [
        48,
        2286,
        1895,
        2286,
        48,
        60,
        1895,
        60
      ],
      "nuv": [
        0.024615384615384615,
        0.02564102564102564,
        0.9717948717948718,
        0.02564102564102564,
        0.024615384615384615,
        0.9769230769230769,
        0.9717948717948718,
        0.9769230769230769
      ],
      "minPos": {
        "x": -923.5,
        "y": -1113,
        "z": 0
      },
      "maxPos": {
        "x": 923.5,
        "y": 1113,
        "z": 0
      }
    },
    "texture": "3a2200fb-87fa-42c6-989e-b70ee5119d7e@6c48a",
    "packable": true,
    "pixelsToUnit": 100,
    "pivot": {
      "x": 0.5,
      "y": 0.5
    },
    "meshType": 0
  }
}