{
  "__type__": "cc.SpriteFrame",
  "content": {
    "name": "TIE00",
    "atlas": "",
    "rect": {
      "x": 172,
      "y": 122,
      "width": 136,
      "height": 72
    },
    "offset": {
      "x": 0,
      "y": 2
    },
    "originalSize": {
      "width": 480,
      "height": 320
    },
    "rotated": false,
    "capInsets": [
      0,
      0,
      0,
      0
    ],
    "vertices": {
      "rawPosition": [
        -68,
        -36,
        0,
        68,
        -36,
        0,
        -68,
        36,
        0,
        68,
        36,
        0
      ],
      "indexes": [
        0,
        1,
        2,
        2,
        1,
        3
      ],
      "uv": [
        172,
        198,
        308,
        198,
        172,
        126,
        308,
        126
      ],
      "nuv": [
        0.35833333333333334,
        0.39375,
        0.6416666666666667,
        0.39375,
        0.35833333333333334,
        0.61875,
        0.6416666666666667,
        0.61875
      ],
      "minPos": {
        "x": -68,
        "y": -36,
        "z": 0
      },
      "maxPos": {
        "x": 68,
        "y": 36,
        "z": 0
      }
    },
    "texture": "5314d985-7ddf-41a2-9e17-8010499947f7@6c48a",
    "packable": true,
    "pixelsToUnit": 100,
    "pivot": {
      "x": 0.5,
      "y": 0.5
    },
    "meshType": 0
  }
}