{
  "__type__": "cc.SpriteFrame",
  "content": {
    "name": "Elixir_Loading24",
    "atlas": "",
    "rect": {
      "x": 229,
      "y": 228,
      "width": 54,
      "height": 84
    },
    "offset": {
      "x": 0,
      "y": -14
    },
    "originalSize": {
      "width": 512,
      "height": 512
    },
    "rotated": false,
    "capInsets": [
      0,
      0,
      0,
      0
    ],
    "vertices": {
      "rawPosition": [
        -27,
        -42,
        0,
        27,
        -42,
        0,
        -27,
        42,
        0,
        27,
        42,
        0
      ],
      "indexes": [
        0,
        1,
        2,
        2,
        1,
        3
      ],
      "uv": [
        229,
        284,
        283,
        284,
        229,
        200,
        283,
        200
      ],
      "nuv": [
        0.447265625,
        0.390625,
        0.552734375,
        0.390625,
        0.447265625,
        0.5546875,
        0.552734375,
        0.5546875
      ],
      "minPos": {
        "x": -27,
        "y": -42,
        "z": 0
      },
      "maxPos": {
        "x": 27,
        "y": 42,
        "z": 0
      }
    },
    "texture": "a111dadb-78a0-4c97-908b-52cad20f9f2b@6c48a",
    "packable": true,
    "pixelsToUnit": 100,
    "pivot": {
      "x": 0.5,
      "y": 0.5
    },
    "meshType": 0
  }
}