{
  "__type__": "cc.SpriteFrame",
  "content": {
    "name": "Elixir_Loading26",
    "atlas": "",
    "rect": {
      "x": 224,
      "y": 222,
      "width": 85,
      "height": 93
    },
    "offset": {
      "x": 10.5,
      "y": -12.5
    },
    "originalSize": {
      "width": 512,
      "height": 512
    },
    "rotated": false,
    "capInsets": [
      0,
      0,
      0,
      0
    ],
    "vertices": {
      "rawPosition": [
        -42.5,
        -46.5,
        0,
        42.5,
        -46.5,
        0,
        -42.5,
        46.5,
        0,
        42.5,
        46.5,
        0
      ],
      "indexes": [
        0,
        1,
        2,
        2,
        1,
        3
      ],
      "uv": [
        224,
        290,
        309,
        290,
        224,
        197,
        309,
        197
      ],
      "nuv": [
        0.4375,
        0.384765625,
        0.603515625,
        0.384765625,
        0.4375,
        0.56640625,
        0.603515625,
        0.56640625
      ],
      "minPos": {
        "x": -42.5,
        "y": -46.5,
        "z": 0
      },
      "maxPos": {
        "x": 42.5,
        "y": 46.5,
        "z": 0
      }
    },
    "texture": "a1570d2e-06dd-4b64-a69e-50c9bee149fc@6c48a",
    "packable": true,
    "pixelsToUnit": 100,
    "pivot": {
      "x": 0.5,
      "y": 0.5
    },
    "meshType": 0
  }
}