{
  "__type__": "cc.SpriteFrame",
  "content": {
    "name": "fight15",
    "atlas": "",
    "rect": {
      "x": 325,
      "y": 252,
      "width": 50,
      "height": 17
    },
    "offset": {
      "x": 0,
      "y": -0.5
    },
    "originalSize": {
      "width": 700,
      "height": 520
    },
    "rotated": false,
    "capInsets": [
      0,
      0,
      0,
      0
    ],
    "vertices": {
      "rawPosition": [
        -25,
        -8.5,
        0,
        25,
        -8.5,
        0,
        -25,
        8.5,
        0,
        25,
        8.5,
        0
      ],
      "indexes": [
        0,
        1,
        2,
        2,
        1,
        3
      ],
      "uv": [
        325,
        268,
        375,
        268,
        325,
        251,
        375,
        251
      ],
      "nuv": [
        0.4642857142857143,
        0.4826923076923077,
        0.5357142857142857,
        0.4826923076923077,
        0.4642857142857143,
        0.5153846153846153,
        0.5357142857142857,
        0.5153846153846153
      ],
      "minPos": {
        "x": -25,
        "y": -8.5,
        "z": 0
      },
      "maxPos": {
        "x": 25,
        "y": 8.5,
        "z": 0
      }
    },
    "texture": "a1e80165-b198-4dae-bc23-b9159e180d50@6c48a",
    "packable": true,
    "pixelsToUnit": 100,
    "pivot": {
      "x": 0.5,
      "y": 0.5
    },
    "meshType": 0
  }
}