{
  "__type__": "cc.SpriteFrame",
  "content": {
    "name": "scroll",
    "atlas": "",
    "rect": {
      "x": 80,
      "y": 118,
      "width": 1058,
      "height": 318
    },
    "offset": {
      "x": 9,
      "y": -27
    },
    "originalSize": {
      "width": 1200,
      "height": 500
    },
    "rotated": false,
    "capInsets": [
      0,
      0,
      0,
      0
    ],
    "vertices": {
      "rawPosition": [
        -529,
        -159,
        0,
        529,
        -159,
        0,
        -529,
        159,
        0,
        529,
        159,
        0
      ],
      "indexes": [
        0,
        1,
        2,
        2,
        1,
        3
      ],
      "uv": [
        80,
        382,
        1138,
        382,
        80,
        64,
        1138,
        64
      ],
      "nuv": [
        0.06666666666666667,
        0.128,
        0.9483333333333334,
        0.128,
        0.06666666666666667,
        0.764,
        0.9483333333333334,
        0.764
      ],
      "minPos": {
        "x": -529,
        "y": -159,
        "z": 0
      },
      "maxPos": {
        "x": 529,
        "y": 159,
        "z": 0
      }
    },
    "texture": "1d8debdc-d5e3-4706-88b4-7c53e57ce8d1@6c48a",
    "packable": true,
    "pixelsToUnit": 100,
    "pivot": {
      "x": 0.5,
      "y": 0.5
    },
    "meshType": 0
  }
}