{
  "__type__": "cc.SpriteFrame",
  "content": {
    "name": "Frame 427322256",
    "atlas": "",
    "rect": {
      "x": 0,
      "y": 6,
      "width": 98,
      "height": 146
    },
    "offset": {
      "x": -0.5,
      "y": 0
    },
    "originalSize": {
      "width": 99,
      "height": 158
    },
    "rotated": false,
    "capInsets": [
      0,
      0,
      0,
      0
    ],
    "vertices": {
      "rawPosition": [
        -49,
        -73,
        0,
        49,
        -73,
        0,
        -49,
        73,
        0,
        49,
        73,
        0
      ],
      "indexes": [
        0,
        1,
        2,
        2,
        1,
        3
      ],
      "uv": [
        0,
        152,
        98,
        152,
        0,
        6,
        98,
        6
      ],
      "nuv": [
        0,
        0.0379746835443038,
        0.98989898989899,
        0.0379746835443038,
        0,
        0.9620253164556962,
        0.98989898989899,
        0.9620253164556962
      ],
      "minPos": {
        "x": -49,
        "y": -73,
        "z": 0
      },
      "maxPos": {
        "x": 49,
        "y": 73,
        "z": 0
      }
    },
    "texture": "7ba33a10-b84f-4f96-a7ca-c0c0c87b23d0@6c48a",
    "packable": true,
    "pixelsToUnit": 100,
    "pivot": {
      "x": 0.5,
      "y": 0.5
    },
    "meshType": 0
  }
}