{
  "__type__": "cc.SpriteFrame",
  "content": {
    "name": "Dr_B_12",
    "atlas": "",
    "rect": {
      "x": 72,
      "y": 73,
      "width": 376,
      "height": 374
    },
    "offset": {
      "x": 0,
      "y": 0
    },
    "originalSize": {
      "width": 520,
      "height": 520
    },
    "rotated": false,
    "capInsets": [
      0,
      0,
      0,
      0
    ],
    "vertices": {
      "rawPosition": [
        -188,
        -187,
        0,
        188,
        -187,
        0,
        -188,
        187,
        0,
        188,
        187,
        0
      ],
      "indexes": [
        0,
        1,
        2,
        2,
        1,
        3
      ],
      "uv": [
        72,
        447,
        448,
        447,
        72,
        73,
        448,
        73
      ],
      "nuv": [
        0.13846153846153847,
        0.14038461538461539,
        0.8615384615384616,
        0.14038461538461539,
        0.13846153846153847,
        0.8596153846153847,
        0.8615384615384616,
        0.8596153846153847
      ],
      "minPos": {
        "x": -188,
        "y": -187,
        "z": 0
      },
      "maxPos": {
        "x": 188,
        "y": 187,
        "z": 0
      }
    },
    "texture": "4f8b1c80-013e-4893-ab28-2018dad5c42a@6c48a",
    "packable": true,
    "pixelsToUnit": 100,
    "pivot": {
      "x": 0.5,
      "y": 0.5
    },
    "meshType": 0
  }
}