{
  "__type__": "cc.SpriteFrame",
  "content": {
    "name": "6698d124-9e39-4ebd-b3f4-4825aea70e40.ab12e",
    "atlas": "",
    "rect": {
      "x": 76,
      "y": 0,
      "width": 860,
      "height": 50
    },
    "offset": {
      "x": 3,
      "y": 0.5
    },
    "originalSize": {
      "width": 1006,
      "height": 51
    },
    "rotated": false,
    "capInsets": [
      372,
      8,
      369,
      8
    ],
    "vertices": {
      "rawPosition": [
        -430,
        -25,
        0,
        430,
        -25,
        0,
        -430,
        25,
        0,
        430,
        25,
        0
      ],
      "indexes": [
        0,
        1,
        2,
        2,
        1,
        3
      ],
      "uv": [
        76,
        51,
        936,
        51,
        76,
        1,
        936,
        1
      ],
      "nuv": [
        0.07554671968190854,
        0.0196078431372549,
        0.9304174950298211,
        0.0196078431372549,
        0.07554671968190854,
        1,
        0.9304174950298211,
        1
      ],
      "minPos": {
        "x": -430,
        "y": -25,
        "z": 0
      },
      "maxPos": {
        "x": 430,
        "y": 25,
        "z": 0
      }
    },
    "texture": "781d0bab-d8c1-44f6-9a40-99ae6c8c711b@6c48a",
    "packable": true,
    "pixelsToUnit": 100,
    "pivot": {
      "x": 0.5,
      "y": 0.5
    },
    "meshType": 0
  }
}