{
  "__type__": "cc.SpriteFrame",
  "content": {
    "name": "Elixir_Loading22",
    "atlas": "",
    "rect": {
      "x": 222,
      "y": 236,
      "width": 53,
      "height": 52
    },
    "offset": {
      "x": -7.5,
      "y": -6
    },
    "originalSize": {
      "width": 512,
      "height": 512
    },
    "rotated": false,
    "capInsets": [
      0,
      0,
      0,
      0
    ],
    "vertices": {
      "rawPosition": [
        -26.5,
        -26,
        0,
        26.5,
        -26,
        0,
        -26.5,
        26,
        0,
        26.5,
        26,
        0
      ],
      "indexes": [
        0,
        1,
        2,
        2,
        1,
        3
      ],
      "uv": [
        222,
        276,
        275,
        276,
        222,
        224,
        275,
        224
      ],
      "nuv": [
        0.43359375,
        0.4375,
        0.537109375,
        0.4375,
        0.43359375,
        0.5390625,
        0.537109375,
        0.5390625
      ],
      "minPos": {
        "x": -26.5,
        "y": -26,
        "z": 0
      },
      "maxPos": {
        "x": 26.5,
        "y": 26,
        "z": 0
      }
    },
    "texture": "785c650c-ed0f-4f31-9b65-2babdf4b2df8@6c48a",
    "packable": true,
    "pixelsToUnit": 100,
    "pivot": {
      "x": 0.5,
      "y": 0.5
    },
    "meshType": 0
  }
}