{
  "__type__": "cc.SpriteFrame",
  "content": {
    "name": "Explo02",
    "atlas": "",
    "rect": {
      "x": 161,
      "y": 168,
      "width": 198,
      "height": 184
    },
    "offset": {
      "x": 0,
      "y": 0
    },
    "originalSize": {
      "width": 520,
      "height": 520
    },
    "rotated": false,
    "capInsets": [
      0,
      0,
      0,
      0
    ],
    "vertices": {
      "rawPosition": [
        -99,
        -92,
        0,
        99,
        -92,
        0,
        -99,
        92,
        0,
        99,
        92,
        0
      ],
      "indexes": [
        0,
        1,
        2,
        2,
        1,
        3
      ],
      "uv": [
        161,
        352,
        359,
        352,
        161,
        168,
        359,
        168
      ],
      "nuv": [
        0.3096153846153846,
        0.3230769230769231,
        0.6903846153846154,
        0.3230769230769231,
        0.3096153846153846,
        0.676923076923077,
        0.6903846153846154,
        0.676923076923077
      ],
      "minPos": {
        "x": -99,
        "y": -92,
        "z": 0
      },
      "maxPos": {
        "x": 99,
        "y": 92,
        "z": 0
      }
    },
    "texture": "ba591cce-3921-465c-af13-d427073a6063@6c48a",
    "packable": true,
    "pixelsToUnit": 100,
    "pivot": {
      "x": 0.5,
      "y": 0.5
    },
    "meshType": 0
  }
}