{
  "__type__": "cc.SpriteFrame",
  "content": {
    "name": "startBet",
    "atlas": "",
    "rect": {
      "x": 0,
      "y": 0,
      "width": 451,
      "height": 160
    },
    "offset": {
      "x": 0,
      "y": 0.5
    },
    "originalSize": {
      "width": 451,
      "height": 161
    },
    "rotated": false,
    "capInsets": [
      0,
      0,
      0,
      0
    ],
    "vertices": {
      "rawPosition": [
        -225.5,
        -80,
        0,
        225.5,
        -80,
        0,
        -225.5,
        80,
        0,
        225.5,
        80,
        0
      ],
      "indexes": [
        0,
        1,
        2,
        2,
        1,
        3
      ],
      "uv": [
        0,
        161,
        451,
        161,
        0,
        1,
        451,
        1
      ],
      "nuv": [
        0,
        0.006211180124223602,
        1,
        0.006211180124223602,
        0,
        1,
        1,
        1
      ],
      "minPos": {
        "x": -225.5,
        "y": -80,
        "z": 0
      },
      "maxPos": {
        "x": 225.5,
        "y": 80,
        "z": 0
      }
    },
    "texture": "ba726bf0-65c1-4d38-b77c-056abf3b3f41@6c48a",
    "packable": true,
    "pixelsToUnit": 100,
    "pivot": {
      "x": 0.5,
      "y": 0.5
    },
    "meshType": 0
  }
}