{
  "__type__": "cc.SpriteFrame",
  "content": {
    "name": "TH11",
    "atlas": "",
    "rect": {
      "x": 142,
      "y": 124,
      "width": 293,
      "height": 313
    },
    "offset": {
      "x": 28.5,
      "y": -20.5
    },
    "originalSize": {
      "width": 520,
      "height": 520
    },
    "rotated": false,
    "capInsets": [
      0,
      0,
      0,
      0
    ],
    "vertices": {
      "rawPosition": [
        -146.5,
        -156.5,
        0,
        146.5,
        -156.5,
        0,
        -146.5,
        156.5,
        0,
        146.5,
        156.5,
        0
      ],
      "indexes": [
        0,
        1,
        2,
        2,
        1,
        3
      ],
      "uv": [
        142,
        396,
        435,
        396,
        142,
        83,
        435,
        83
      ],
      "nuv": [
        0.27307692307692305,
        0.1596153846153846,
        0.8365384615384616,
        0.1596153846153846,
        0.27307692307692305,
        0.7615384615384615,
        0.8365384615384616,
        0.7615384615384615
      ],
      "minPos": {
        "x": -146.5,
        "y": -156.5,
        "z": 0
      },
      "maxPos": {
        "x": 146.5,
        "y": 156.5,
        "z": 0
      }
    },
    "texture": "02520890-3aa8-40d8-8e39-01cab5fd8f1e@6c48a",
    "packable": true,
    "pixelsToUnit": 100,
    "pivot": {
      "x": 0.5,
      "y": 0.5
    },
    "meshType": 0
  }
}