{
  "__type__": "cc.SpriteFrame",
  "content": {
    "name": "dragonhurt",
    "atlas": "",
    "rect": {
      "x": 2,
      "y": 2,
      "width": 1910,
      "height": 1431
    },
    "offset": {
      "x": 0,
      "y": 0
    },
    "originalSize": {
      "width": 1914,
      "height": 1435
    },
    "rotated": false,
    "capInsets": [
      0,
      0,
      0,
      0
    ],
    "vertices": {
      "rawPosition": [
        -955,
        -715.5,
        0,
        955,
        -715.5,
        0,
        -955,
        715.5,
        0,
        955,
        715.5,
        0
      ],
      "indexes": [
        0,
        1,
        2,
        2,
        1,
        3
      ],
      "uv": [
        2,
        1433,
        1912,
        1433,
        2,
        2,
        1912,
        2
      ],
      "nuv": [
        0.0010449320794148381,
        0.0013937282229965157,
        0.9989550679205852,
        0.0013937282229965157,
        0.0010449320794148381,
        0.9986062717770035,
        0.9989550679205852,
        0.9986062717770035
      ],
      "minPos": {
        "x": -955,
        "y": -715.5,
        "z": 0
      },
      "maxPos": {
        "x": 955,
        "y": 715.5,
        "z": 0
      }
    },
    "texture": "028a8662-8a97-44a4-8ad3-4eeefade961d@6c48a",
    "packable": true,
    "pixelsToUnit": 100,
    "pivot": {
      "x": 0.5,
      "y": 0.5
    },
    "meshType": 0
  }
}