{
  "__type__": "cc.SpriteFrame",
  "content": {
    "name": "T_dig_16",
    "atlas": "",
    "rect": {
      "x": 0,
      "y": 283,
      "width": 300,
      "height": 228
    },
    "offset": {
      "x": -170.5,
      "y": -138.5
    },
    "originalSize": {
      "width": 641,
      "height": 517
    },
    "rotated": false,
    "capInsets": [
      0,
      0,
      0,
      0
    ],
    "vertices": {
      "rawPosition": [
        -150,
        -114,
        0,
        150,
        -114,
        0,
        -150,
        114,
        0,
        150,
        114,
        0
      ],
      "indexes": [
        0,
        1,
        2,
        2,
        1,
        3
      ],
      "uv": [
        0,
        234,
        300,
        234,
        0,
        6,
        300,
        6
      ],
      "nuv": [
        0,
        0.01160541586073501,
        0.46801872074882994,
        0.01160541586073501,
        0,
        0.4526112185686654,
        0.46801872074882994,
        0.4526112185686654
      ],
      "minPos": {
        "x": -150,
        "y": -114,
        "z": 0
      },
      "maxPos": {
        "x": 150,
        "y": 114,
        "z": 0
      }
    },
    "texture": "8b45501a-2c5a-48c7-8d07-ebc10e4b98be@6c48a",
    "packable": true,
    "pixelsToUnit": 100,
    "pivot": {
      "x": 0.5,
      "y": 0.5
    },
    "meshType": 0
  }
}