{
  "__type__": "cc.SpriteFrame",
  "content": {
    "name": "LoginTable",
    "atlas": "",
    "rect": {
      "x": 1,
      "y": 1,
      "width": 672,
      "height": 423
    },
    "offset": {
      "x": 0.5,
      "y": -0.5
    },
    "originalSize": {
      "width": 673,
      "height": 424
    },
    "rotated": false,
    "capInsets": [
      168,
      115,
      168,
      115
    ],
    "vertices": {
      "rawPosition": [
        -336,
        -211.5,
        0,
        336,
        -211.5,
        0,
        -336,
        211.5,
        0,
        336,
        211.5,
        0
      ],
      "indexes": [
        0,
        1,
        2,
        2,
        1,
        3
      ],
      "uv": [
        1,
        423,
        673,
        423,
        1,
        0,
        673,
        0
      ],
      "nuv": [
        0.0014858841010401188,
        0,
        1,
        0,
        0.0014858841010401188,
        0.9976415094339622,
        1,
        0.9976415094339622
      ],
      "minPos": {
        "x": -336,
        "y": -211.5,
        "z": 0
      },
      "maxPos": {
        "x": 336,
        "y": 211.5,
        "z": 0
      }
    },
    "texture": "8bd3adc1-3950-49dc-b1c1-3b24e332fe4b@6c48a",
    "packable": true,
    "pixelsToUnit": 100,
    "pivot": {
      "x": 0.5,
      "y": 0.5
    },
    "meshType": 0
  }
}