{
  "__type__": "cc.SpriteFrame",
  "content": {
    "name": "T_dig_14",
    "atlas": "",
    "rect": {
      "x": 13,
      "y": 56,
      "width": 295,
      "height": 443
    },
    "offset": {
      "x": -160,
      "y": -19
    },
    "originalSize": {
      "width": 641,
      "height": 517
    },
    "rotated": false,
    "capInsets": [
      0,
      0,
      0,
      0
    ],
    "vertices": {
      "rawPosition": [
        -147.5,
        -221.5,
        0,
        147.5,
        -221.5,
        0,
        -147.5,
        221.5,
        0,
        147.5,
        221.5,
        0
      ],
      "indexes": [
        0,
        1,
        2,
        2,
        1,
        3
      ],
      "uv": [
        13,
        461,
        308,
        461,
        13,
        18,
        308,
        18
      ],
      "nuv": [
        0.0202808112324493,
        0.03481624758220503,
        0.48049921996879874,
        0.03481624758220503,
        0.0202808112324493,
        0.8916827852998066,
        0.48049921996879874,
        0.8916827852998066
      ],
      "minPos": {
        "x": -147.5,
        "y": -221.5,
        "z": 0
      },
      "maxPos": {
        "x": 147.5,
        "y": 221.5,
        "z": 0
      }
    },
    "texture": "896d7719-d645-4fb7-9184-4391704a3935@6c48a",
    "packable": true,
    "pixelsToUnit": 100,
    "pivot": {
      "x": 0.5,
      "y": 0.5
    },
    "meshType": 0
  }
}