{
  "__type__": "cc.SpriteFrame",
  "content": {
    "name": "Host_09",
    "atlas": "",
    "rect": {
      "x": 46,
      "y": 139,
      "width": 627,
      "height": 266
    },
    "offset": {
      "x": -0.5,
      "y": -12
    },
    "originalSize": {
      "width": 720,
      "height": 520
    },
    "rotated": false,
    "capInsets": [
      0,
      0,
      0,
      0
    ],
    "vertices": {
      "rawPosition": [
        -313.5,
        -133,
        0,
        313.5,
        -133,
        0,
        -313.5,
        133,
        0,
        313.5,
        133,
        0
      ],
      "indexes": [
        0,
        1,
        2,
        2,
        1,
        3
      ],
      "uv": [
        46,
        381,
        673,
        381,
        46,
        115,
        673,
        115
      ],
      "nuv": [
        0.06388888888888888,
        0.22115384615384615,
        0.9347222222222222,
        0.22115384615384615,
        0.06388888888888888,
        0.7326923076923076,
        0.9347222222222222,
        0.7326923076923076
      ],
      "minPos": {
        "x": -313.5,
        "y": -133,
        "z": 0
      },
      "maxPos": {
        "x": 313.5,
        "y": 133,
        "z": 0
      }
    },
    "texture": "f8147fa2-5e0d-4061-a8f0-b7132191591b@6c48a",
    "packable": true,
    "pixelsToUnit": 100,
    "pivot": {
      "x": 0.5,
      "y": 0.5
    },
    "meshType": 0
  }
}