{
  "__type__": "cc.SpriteFrame",
  "content": {
    "name": "Frame 427322253",
    "atlas": "",
    "rect": {
      "x": 0,
      "y": 7,
      "width": 99,
      "height": 147
    },
    "offset": {
      "x": 0,
      "y": -1.5
    },
    "originalSize": {
      "width": 99,
      "height": 158
    },
    "rotated": false,
    "capInsets": [
      0,
      0,
      0,
      0
    ],
    "vertices": {
      "rawPosition": [
        -49.5,
        -73.5,
        0,
        49.5,
        -73.5,
        0,
        -49.5,
        73.5,
        0,
        49.5,
        73.5,
        0
      ],
      "indexes": [
        0,
        1,
        2,
        2,
        1,
        3
      ],
      "uv": [
        0,
        151,
        99,
        151,
        0,
        4,
        99,
        4
      ],
      "nuv": [
        0,
        0.02531645569620253,
        1,
        0.02531645569620253,
        0,
        0.9556962025316456,
        1,
        0.9556962025316456
      ],
      "minPos": {
        "x": -49.5,
        "y": -73.5,
        "z": 0
      },
      "maxPos": {
        "x": 49.5,
        "y": 73.5,
        "z": 0
      }
    },
    "texture": "f8352a92-6e34-40f6-998b-b84b86f9f9c5@6c48a",
    "packable": true,
    "pixelsToUnit": 100,
    "pivot": {
      "x": 0.5,
      "y": 0.5
    },
    "meshType": 0
  }
}