{
  "__type__": "cc.SpriteFrame",
  "content": {
    "name": "TH00",
    "atlas": "",
    "rect": {
      "x": 74,
      "y": 79,
      "width": 371,
      "height": 361
    },
    "offset": {
      "x": -0.5,
      "y": 0.5
    },
    "originalSize": {
      "width": 520,
      "height": 520
    },
    "rotated": false,
    "capInsets": [
      0,
      0,
      0,
      0
    ],
    "vertices": {
      "rawPosition": [
        -185.5,
        -180.5,
        0,
        185.5,
        -180.5,
        0,
        -185.5,
        180.5,
        0,
        185.5,
        180.5,
        0
      ],
      "indexes": [
        0,
        1,
        2,
        2,
        1,
        3
      ],
      "uv": [
        74,
        441,
        445,
        441,
        74,
        80,
        445,
        80
      ],
      "nuv": [
        0.1423076923076923,
        0.15384615384615385,
        0.8557692307692307,
        0.15384615384615385,
        0.1423076923076923,
        0.8480769230769231,
        0.8557692307692307,
        0.8480769230769231
      ],
      "minPos": {
        "x": -185.5,
        "y": -180.5,
        "z": 0
      },
      "maxPos": {
        "x": 185.5,
        "y": 180.5,
        "z": 0
      }
    },
    "texture": "f87243d4-3fa8-493f-b29a-d03fa02052e9@6c48a",
    "packable": true,
    "pixelsToUnit": 100,
    "pivot": {
      "x": 0.5,
      "y": 0.5
    },
    "meshType": 0
  }
}