{
  "__type__": "cc.SpriteFrame",
  "content": {
    "name": "Host_05",
    "atlas": "",
    "rect": {
      "x": 36,
      "y": 135,
      "width": 647,
      "height": 274
    },
    "offset": {
      "x": -0.5,
      "y": -12
    },
    "originalSize": {
      "width": 720,
      "height": 520
    },
    "rotated": false,
    "capInsets": [
      0,
      0,
      0,
      0
    ],
    "vertices": {
      "rawPosition": [
        -323.5,
        -137,
        0,
        323.5,
        -137,
        0,
        -323.5,
        137,
        0,
        323.5,
        137,
        0
      ],
      "indexes": [
        0,
        1,
        2,
        2,
        1,
        3
      ],
      "uv": [
        36,
        385,
        683,
        385,
        36,
        111,
        683,
        111
      ],
      "nuv": [
        0.05,
        0.21346153846153845,
        0.9486111111111111,
        0.21346153846153845,
        0.05,
        0.7403846153846154,
        0.9486111111111111,
        0.7403846153846154
      ],
      "minPos": {
        "x": -323.5,
        "y": -137,
        "z": 0
      },
      "maxPos": {
        "x": 323.5,
        "y": 137,
        "z": 0
      }
    },
    "texture": "7c5b943f-0b79-4dc8-9683-0ddfb6ba4d7a@6c48a",
    "packable": true,
    "pixelsToUnit": 100,
    "pivot": {
      "x": 0.5,
      "y": 0.5
    },
    "meshType": 0
  }
}