{
  "__type__": "cc.SpriteFrame",
  "content": {
    "name": "SpitFire06",
    "atlas": "",
    "rect": {
      "x": 46,
      "y": 160,
      "width": 452,
      "height": 200
    },
    "offset": {
      "x": 12,
      "y": 0
    },
    "originalSize": {
      "width": 520,
      "height": 520
    },
    "rotated": false,
    "capInsets": [
      0,
      0,
      0,
      0
    ],
    "vertices": {
      "rawPosition": [
        -226,
        -100,
        0,
        226,
        -100,
        0,
        -226,
        100,
        0,
        226,
        100,
        0
      ],
      "indexes": [
        0,
        1,
        2,
        2,
        1,
        3
      ],
      "uv": [
        46,
        360,
        498,
        360,
        46,
        160,
        498,
        160
      ],
      "nuv": [
        0.08846153846153847,
        0.3076923076923077,
        0.9576923076923077,
        0.3076923076923077,
        0.08846153846153847,
        0.6923076923076923,
        0.9576923076923077,
        0.6923076923076923
      ],
      "minPos": {
        "x": -226,
        "y": -100,
        "z": 0
      },
      "maxPos": {
        "x": 226,
        "y": 100,
        "z": 0
      }
    },
    "texture": "f983194e-b38b-497c-ae6a-82ab93d206b7@6c48a",
    "packable": true,
    "pixelsToUnit": 100,
    "pivot": {
      "x": 0.5,
      "y": 0.5
    },
    "meshType": 0
  }
}