{
  "__type__": "cc.SpriteFrame",
  "content": {
    "name": "Dr_B_09",
    "atlas": "",
    "rect": {
      "x": 67,
      "y": 78,
      "width": 386,
      "height": 364
    },
    "offset": {
      "x": 0,
      "y": 0
    },
    "originalSize": {
      "width": 520,
      "height": 520
    },
    "rotated": false,
    "capInsets": [
      0,
      0,
      0,
      0
    ],
    "vertices": {
      "rawPosition": [
        -193,
        -182,
        0,
        193,
        -182,
        0,
        -193,
        182,
        0,
        193,
        182,
        0
      ],
      "indexes": [
        0,
        1,
        2,
        2,
        1,
        3
      ],
      "uv": [
        67,
        442,
        453,
        442,
        67,
        78,
        453,
        78
      ],
      "nuv": [
        0.12884615384615383,
        0.15,
        0.8711538461538462,
        0.15,
        0.12884615384615383,
        0.85,
        0.8711538461538462,
        0.85
      ],
      "minPos": {
        "x": -193,
        "y": -182,
        "z": 0
      },
      "maxPos": {
        "x": 193,
        "y": 182,
        "z": 0
      }
    },
    "texture": "d642c206-da2a-4375-96de-2f69d17fb250@6c48a",
    "packable": true,
    "pixelsToUnit": 100,
    "pivot": {
      "x": 0.5,
      "y": 0.5
    },
    "meshType": 0
  }
}