{
  "__type__": "cc.SpriteFrame",
  "content": {
    "name": "SpitFire07",
    "atlas": "",
    "rect": {
      "x": 39,
      "y": 147,
      "width": 459,
      "height": 226
    },
    "offset": {
      "x": 8.5,
      "y": 0
    },
    "originalSize": {
      "width": 520,
      "height": 520
    },
    "rotated": false,
    "capInsets": [
      0,
      0,
      0,
      0
    ],
    "vertices": {
      "rawPosition": [
        -229.5,
        -113,
        0,
        229.5,
        -113,
        0,
        -229.5,
        113,
        0,
        229.5,
        113,
        0
      ],
      "indexes": [
        0,
        1,
        2,
        2,
        1,
        3
      ],
      "uv": [
        39,
        373,
        498,
        373,
        39,
        147,
        498,
        147
      ],
      "nuv": [
        0.075,
        0.2826923076923077,
        0.9576923076923077,
        0.2826923076923077,
        0.075,
        0.7173076923076923,
        0.9576923076923077,
        0.7173076923076923
      ],
      "minPos": {
        "x": -229.5,
        "y": -113,
        "z": 0
      },
      "maxPos": {
        "x": 229.5,
        "y": 113,
        "z": 0
      }
    },
    "texture": "318801e0-cd8f-4689-b47f-d9f625220e4d@6c48a",
    "packable": true,
    "pixelsToUnit": 100,
    "pivot": {
      "x": 0.5,
      "y": 0.5
    },
    "meshType": 0
  }
}