{
  "__type__": "cc.SpriteFrame",
  "content": {
    "name": "T_Slash_22",
    "atlas": "",
    "rect": {
      "x": 29,
      "y": 28,
      "width": 310,
      "height": 369
    },
    "offset": {
      "x": -126,
      "y": 97.5
    },
    "originalSize": {
      "width": 620,
      "height": 620
    },
    "rotated": false,
    "capInsets": [
      0,
      0,
      0,
      0
    ],
    "vertices": {
      "rawPosition": [
        -155,
        -184.5,
        0,
        155,
        -184.5,
        0,
        -155,
        184.5,
        0,
        155,
        184.5,
        0
      ],
      "indexes": [
        0,
        1,
        2,
        2,
        1,
        3
      ],
      "uv": [
        29,
        592,
        339,
        592,
        29,
        223,
        339,
        223
      ],
      "nuv": [
        0.0467741935483871,
        0.3596774193548387,
        0.5467741935483871,
        0.3596774193548387,
        0.0467741935483871,
        0.9548387096774194,
        0.5467741935483871,
        0.9548387096774194
      ],
      "minPos": {
        "x": -155,
        "y": -184.5,
        "z": 0
      },
      "maxPos": {
        "x": 155,
        "y": 184.5,
        "z": 0
      }
    },
    "texture": "9240bf66-4785-45ec-9082-462b88318a42@6c48a",
    "packable": true,
    "pixelsToUnit": 100,
    "pivot": {
      "x": 0.5,
      "y": 0.5
    },
    "meshType": 0
  }
}