{
  "__type__": "cc.SpriteFrame",
  "content": {
    "name": "Frame 427322287",
    "atlas": "",
    "rect": {
      "x": 0,
      "y": 6,
      "width": 97,
      "height": 145
    },
    "offset": {
      "x": -1,
      "y": 0.5
    },
    "originalSize": {
      "width": 99,
      "height": 158
    },
    "rotated": false,
    "capInsets": [
      0,
      0,
      0,
      0
    ],
    "vertices": {
      "rawPosition": [
        -48.5,
        -72.5,
        0,
        48.5,
        -72.5,
        0,
        -48.5,
        72.5,
        0,
        48.5,
        72.5,
        0
      ],
      "indexes": [
        0,
        1,
        2,
        2,
        1,
        3
      ],
      "uv": [
        0,
        152,
        97,
        152,
        0,
        7,
        97,
        7
      ],
      "nuv": [
        0,
        0.04430379746835443,
        0.9797979797979798,
        0.04430379746835443,
        0,
        0.9620253164556962,
        0.9797979797979798,
        0.9620253164556962
      ],
      "minPos": {
        "x": -48.5,
        "y": -72.5,
        "z": 0
      },
      "maxPos": {
        "x": 48.5,
        "y": 72.5,
        "z": 0
      }
    },
    "texture": "1320f612-bfc3-4e82-9492-d09bbbd7d1bf@6c48a",
    "packable": true,
    "pixelsToUnit": 100,
    "pivot": {
      "x": 0.5,
      "y": 0.5
    },
    "meshType": 0
  }
}