{
  "__type__": "cc.SpriteFrame",
  "content": {
    "name": "Dr_B_05",
    "atlas": "",
    "rect": {
      "x": 75,
      "y": 75,
      "width": 369,
      "height": 371
    },
    "offset": {
      "x": -0.5,
      "y": -0.5
    },
    "originalSize": {
      "width": 520,
      "height": 520
    },
    "rotated": false,
    "capInsets": [
      0,
      0,
      0,
      0
    ],
    "vertices": {
      "rawPosition": [
        -184.5,
        -185.5,
        0,
        184.5,
        -185.5,
        0,
        -184.5,
        185.5,
        0,
        184.5,
        185.5,
        0
      ],
      "indexes": [
        0,
        1,
        2,
        2,
        1,
        3
      ],
      "uv": [
        75,
        445,
        444,
        445,
        75,
        74,
        444,
        74
      ],
      "nuv": [
        0.14423076923076922,
        0.1423076923076923,
        0.8538461538461538,
        0.1423076923076923,
        0.14423076923076922,
        0.8557692307692307,
        0.8538461538461538,
        0.8557692307692307
      ],
      "minPos": {
        "x": -184.5,
        "y": -185.5,
        "z": 0
      },
      "maxPos": {
        "x": 184.5,
        "y": 185.5,
        "z": 0
      }
    },
    "texture": "a46ef5a3-756b-4a60-96c1-f78d921ce9da@6c48a",
    "packable": true,
    "pixelsToUnit": 100,
    "pivot": {
      "x": 0.5,
      "y": 0.5
    },
    "meshType": 0
  }
}