{
  "__type__": "cc.SpriteFrame",
  "content": {
    "name": "fight14",
    "atlas": "",
    "rect": {
      "x": 176,
      "y": 202,
      "width": 346,
      "height": 117
    },
    "offset": {
      "x": -1,
      "y": -0.5
    },
    "originalSize": {
      "width": 700,
      "height": 520
    },
    "rotated": false,
    "capInsets": [
      0,
      0,
      0,
      0
    ],
    "vertices": {
      "rawPosition": [
        -173,
        -58.5,
        0,
        173,
        -58.5,
        0,
        -173,
        58.5,
        0,
        173,
        58.5,
        0
      ],
      "indexes": [
        0,
        1,
        2,
        2,
        1,
        3
      ],
      "uv": [
        176,
        318,
        522,
        318,
        176,
        201,
        522,
        201
      ],
      "nuv": [
        0.25142857142857145,
        0.38653846153846155,
        0.7457142857142857,
        0.38653846153846155,
        0.25142857142857145,
        0.6115384615384616,
        0.7457142857142857,
        0.6115384615384616
      ],
      "minPos": {
        "x": -173,
        "y": -58.5,
        "z": 0
      },
      "maxPos": {
        "x": 173,
        "y": 58.5,
        "z": 0
      }
    },
    "texture": "1faa5ea5-8f03-4aa6-a208-16c8c9484e9a@6c48a",
    "packable": true,
    "pixelsToUnit": 100,
    "pivot": {
      "x": 0.5,
      "y": 0.5
    },
    "meshType": 0
  }
}