{
  "__type__": "cc.SpriteFrame",
  "content": {
    "name": "Frame 427322250",
    "atlas": "",
    "rect": {
      "x": 0,
      "y": 3,
      "width": 99,
      "height": 150
    },
    "offset": {
      "x": 0,
      "y": 1
    },
    "originalSize": {
      "width": 99,
      "height": 158
    },
    "rotated": false,
    "capInsets": [
      0,
      0,
      0,
      0
    ],
    "vertices": {
      "rawPosition": [
        -49.5,
        -75,
        0,
        49.5,
        -75,
        0,
        -49.5,
        75,
        0,
        49.5,
        75,
        0
      ],
      "indexes": [
        0,
        1,
        2,
        2,
        1,
        3
      ],
      "uv": [
        0,
        155,
        99,
        155,
        0,
        5,
        99,
        5
      ],
      "nuv": [
        0,
        0.03164556962025317,
        1,
        0.03164556962025317,
        0,
        0.9810126582278481,
        1,
        0.9810126582278481
      ],
      "minPos": {
        "x": -49.5,
        "y": -75,
        "z": 0
      },
      "maxPos": {
        "x": 49.5,
        "y": 75,
        "z": 0
      }
    },
    "texture": "868c2f3b-f7e9-44e3-9a17-910377c8b86a@6c48a",
    "packable": true,
    "pixelsToUnit": 100,
    "pivot": {
      "x": 0.5,
      "y": 0.5
    },
    "meshType": 0
  }
}