{
  "__type__": "cc.SpriteFrame",
  "content": {
    "name": "Frame 427322268",
    "atlas": "",
    "rect": {
      "x": 4,
      "y": 8,
      "width": 95,
      "height": 142
    },
    "offset": {
      "x": 2,
      "y": 0
    },
    "originalSize": {
      "width": 99,
      "height": 158
    },
    "rotated": false,
    "capInsets": [
      0,
      0,
      0,
      0
    ],
    "vertices": {
      "rawPosition": [
        -47.5,
        -71,
        0,
        47.5,
        -71,
        0,
        -47.5,
        71,
        0,
        47.5,
        71,
        0
      ],
      "indexes": [
        0,
        1,
        2,
        2,
        1,
        3
      ],
      "uv": [
        4,
        150,
        99,
        150,
        4,
        8,
        99,
        8
      ],
      "nuv": [
        0.04040404040404041,
        0.05063291139240506,
        1,
        0.05063291139240506,
        0.04040404040404041,
        0.9493670886075949,
        1,
        0.9493670886075949
      ],
      "minPos": {
        "x": -47.5,
        "y": -71,
        "z": 0
      },
      "maxPos": {
        "x": 47.5,
        "y": 71,
        "z": 0
      }
    },
    "texture": "98f0cf41-4f9c-4bac-82ce-c2dea6193fcf@6c48a",
    "packable": true,
    "pixelsToUnit": 100,
    "pivot": {
      "x": 0.5,
      "y": 0.5
    },
    "meshType": 0
  }
}