{
  "__type__": "cc.SpriteFrame",
  "content": {
    "name": "Dr_B_18",
    "atlas": "",
    "rect": {
      "x": 53,
      "y": 50,
      "width": 395,
      "height": 355
    },
    "offset": {
      "x": -9.5,
      "y": 32.5
    },
    "originalSize": {
      "width": 520,
      "height": 520
    },
    "rotated": false,
    "capInsets": [
      0,
      0,
      0,
      0
    ],
    "vertices": {
      "rawPosition": [
        -197.5,
        -177.5,
        0,
        197.5,
        -177.5,
        0,
        -197.5,
        177.5,
        0,
        197.5,
        177.5,
        0
      ],
      "indexes": [
        0,
        1,
        2,
        2,
        1,
        3
      ],
      "uv": [
        53,
        470,
        448,
        470,
        53,
        115,
        448,
        115
      ],
      "nuv": [
        0.10192307692307692,
        0.22115384615384615,
        0.8615384615384616,
        0.22115384615384615,
        0.10192307692307692,
        0.9038461538461539,
        0.8615384615384616,
        0.9038461538461539
      ],
      "minPos": {
        "x": -197.5,
        "y": -177.5,
        "z": 0
      },
      "maxPos": {
        "x": 197.5,
        "y": 177.5,
        "z": 0
      }
    },
    "texture": "8a50c35e-7029-4491-b013-8f52d0612d3d@6c48a",
    "packable": true,
    "pixelsToUnit": 100,
    "pivot": {
      "x": 0.5,
      "y": 0.5
    },
    "meshType": 0
  }
}