{
  "__type__": "cc.SpriteFrame",
  "content": {
    "name": "Host_03",
    "atlas": "",
    "rect": {
      "x": 106,
      "y": 165,
      "width": 507,
      "height": 214
    },
    "offset": {
      "x": -0.5,
      "y": -12
    },
    "originalSize": {
      "width": 720,
      "height": 520
    },
    "rotated": false,
    "capInsets": [
      0,
      0,
      0,
      0
    ],
    "vertices": {
      "rawPosition": [
        -253.5,
        -107,
        0,
        253.5,
        -107,
        0,
        -253.5,
        107,
        0,
        253.5,
        107,
        0
      ],
      "indexes": [
        0,
        1,
        2,
        2,
        1,
        3
      ],
      "uv": [
        106,
        355,
        613,
        355,
        106,
        141,
        613,
        141
      ],
      "nuv": [
        0.14722222222222223,
        0.27115384615384613,
        0.8513888888888889,
        0.27115384615384613,
        0.14722222222222223,
        0.6826923076923077,
        0.8513888888888889,
        0.6826923076923077
      ],
      "minPos": {
        "x": -253.5,
        "y": -107,
        "z": 0
      },
      "maxPos": {
        "x": 253.5,
        "y": 107,
        "z": 0
      }
    },
    "texture": "000eef32-6b59-43d9-bd5c-05b1d7c30341@6c48a",
    "packable": true,
    "pixelsToUnit": 100,
    "pivot": {
      "x": 0.5,
      "y": 0.5
    },
    "meshType": 0
  }
}